,fandom_url,Title
0,https://GrandTheftAutoV.fandom.com/wiki/,Grand Theft Auto V
1,https://BaldursGate3.fandom.com/wiki/,Baldur's Gate 3
2,https://EldenRing.fandom.com/wiki/,Elden Ring
3,https://TheLastofUs.fandom.com/wiki/,The Last of Us
4,https://RedDeadRedemption.fandom.com/wiki/,Red Dead Redemption
5,https://GodofWar.fandom.com/wiki/,God of War
6,https://AstroBot.fandom.com/wiki/,Astro Bot
7,https://TheLegendofZeldaSkywardSword.fandom.com/wiki/,The Legend of Zelda: Skyward Sword
8,https://Hades.fandom.com/wiki/,Hades
9,https://Uncharted4AThiefsEnd.fandom.com/wiki/,Uncharted 4: A Thief's End
10,https://SuperSmashBrosUltimate.fandom.com/wiki/,Super Smash Bros. Ultimate
11,https://INSIDE.fandom.com/wiki/,INSIDE
12,https://Uncharted3DrakesDeception.fandom.com/wiki/,Uncharted 3: Drake's Deception
13,https://Bloodborne.fandom.com/wiki/,Bloodborne
14,https://DemonsSouls.fandom.com/wiki/,Demon's Souls
15,https://UFO50.fandom.com/wiki/,UFO 50
16,https://Undertale.fandom.com/wiki/,Undertale
17,https://Journey.fandom.com/wiki/,Journey
18,https://MarioKart8Deluxe.fandom.com/wiki/,Mario Kart 8 Deluxe
19,https://IWasaTeenageExocolonist.fandom.com/wiki/,I Was a Teenage Exocolonist
20,https://Overwatch.fandom.com/wiki/,Overwatch
21,https://MLB10TheShow.fandom.com/wiki/,MLB 10: The Show
22,https://ForzaMotorsport4.fandom.com/wiki/,Forza Motorsport 4
23,https://AnimalWell.fandom.com/wiki/,Animal Well
24,https://DiscoElysium.fandom.com/wiki/,Disco Elysium
25,https://ResidentEvil2.fandom.com/wiki/,Resident Evil 2
26,https://AnimalCrossingNewHorizons.fandom.com/wiki/,Animal Crossing: New Horizons
27,https://Bayonetta.fandom.com/wiki/,Bayonetta
28,https://Balatro.fandom.com/wiki/,Balatro
29,https://Factorio.fandom.com/wiki/,Factorio
30,https://JackJeanne.fandom.com/wiki/,Jack Jeanne
31,https://Satisfactory.fandom.com/wiki/,Satisfactory
32,https://HollowKnight.fandom.com/wiki/,Hollow Knight
33,https://OriandtheWilloftheWisps.fandom.com/wiki/,Ori and the Will of the Wisps
34,https://LIMBO.fandom.com/wiki/,LIMBO
35,https://MarkoftheNinja.fandom.com/wiki/,Mark of the Ninja
36,https://ChainedEchoes.fandom.com/wiki/,Chained Echoes
37,https://SuperMeatBoy.fandom.com/wiki/,Super Meat Boy
38,https://DAVETHEDIVER.fandom.com/wiki/,DAVE THE DIVER
39,https://Dota2.fandom.com/wiki/,Dota 2
40,https://GuildWars2.fandom.com/wiki/,Guild Wars 2
41,https://Pushmo.fandom.com/wiki/,Pushmo
42,https://IntotheBreach.fandom.com/wiki/,Into the Breach
43,https://ChicoryAColorfulTale.fandom.com/wiki/,Chicory: A Colorful Tale
44,https://NeonWhite.fandom.com/wiki/,Neon White
45,https://NuclearThrone.fandom.com/wiki/,Nuclear Throne
46,https://XCOMEnemyUnknown.fandom.com/wiki/,XCOM: Enemy Unknown
47,https://ApexLegends.fandom.com/wiki/,Apex Legends
48,https://NORCO.fandom.com/wiki/,NORCO
49,https://Dreams.fandom.com/wiki/,Dreams
50,https://ReturnoftheObraDinn.fandom.com/wiki/,Return of the Obra Dinn
51,https://LANoire.fandom.com/wiki/,L.A. Noire
52,https://DeadCells.fandom.com/wiki/,Dead Cells
53,https://PillarsofEternity.fandom.com/wiki/,Pillars of Eternity
54,https://PizzaTower.fandom.com/wiki/,Pizza Tower
55,https://AssassinsCreedBrotherhood.fandom.com/wiki/,Assassin's Creed: Brotherhood
56,https://SlaytheSpire.fandom.com/wiki/,Slay the Spire
57,https://Titanfall2.fandom.com/wiki/,Titanfall 2
58,https://DarkSouls.fandom.com/wiki/,Dark Souls
59,https://Fez.fandom.com/wiki/,Fez
60,https://DeadSpace.fandom.com/wiki/,Dead Space
61,https://CaveStory.fandom.com/wiki/,Cave Story
62,https://NuclearThrone.fandom.com/wiki/,Nuclear Throne
63,https://XCOMEnemyUnknown.fandom.com/wiki/,XCOM: Enemy Unknown
64,https://ApexLegends.fandom.com/wiki/,Apex Legends
65,https://NORCO.fandom.com/wiki/,NORCO
66,https://Dreams.fandom.com/wiki/,Dreams
67,https://ReturnoftheObraDinn.fandom.com/wiki/,Return of the Obra Dinn
68,https://LANoire.fandom.com/wiki/,L.A. Noire
69,https://Colors3D.fandom.com/wiki/,Colors! 3D
70,https://HorizonZeroDawn.fandom.com/wiki/,Horizon Zero Dawn
71,https://StardewValley.fandom.com/wiki/,Stardew Valley
72,https://AsgardsWrath.fandom.com/wiki/,Asgard's Wrath
73,https://AShortHike.fandom.com/wiki/,A Short Hike
74,https://XCOM2WaroftheChosen.fandom.com/wiki/,XCOM 2: War of the Chosen
75,https://DUSK.fandom.com/wiki/,DUSK
76,https://Dishonored.fandom.com/wiki/,Dishonored
77,https://Cocoon.fandom.com/wiki/,Cocoon
78,https://MarioKart8.fandom.com/wiki/,Mario Kart 8
79,https://SuperMarioMaker.fandom.com/wiki/,Super Mario Maker
80,https://KerbalSpaceProgram.fandom.com/wiki/,Kerbal Space Program
81,https://NieRAutomata.fandom.com/wiki/,NieR: Automata
82,https://XCOM2.fandom.com/wiki/,XCOM 2
83,https://HorizonForbiddenWest.fandom.com/wiki/,Horizon Forbidden West
84,https://XCOMEnemyWithin.fandom.com/wiki/,XCOM: Enemy Within
85,https://ItTakesTwo.fandom.com/wiki/,It Takes Two
86,https://Deathloop.fandom.com/wiki/,Deathloop
87,https://OriandtheBlindForest.fandom.com/wiki/,Ori and the Blind Forest
88,https://SuperMarioMaker2.fandom.com/wiki/,Super Mario Maker 2
89,https://TheStanleyParable.fandom.com/wiki/,The Stanley Parable
90,https://MonsterHunterRise.fandom.com/wiki/,Monster Hunter Rise
91,https://Battlefield1.fandom.com/wiki/,Battlefield 1
92,https://TacticalBreachWizards.fandom.com/wiki/,Tactical Breach Wizards
93,https://Owlboy.fandom.com/wiki/,Owlboy
94,https://NightintheWoods.fandom.com/wiki/,Night in the Woods
95,https://Nioh.fandom.com/wiki/,Nioh
96,https://AnimalCrossingNewLeaf.fandom.com/wiki/,Animal Crossing: New Leaf
97,https://Subnautica.fandom.com/wiki/,Subnautica
98,https://Injustice2.fandom.com/wiki/,Injustice 2
99,https://TheWitness.fandom.com/wiki/,The Witness
100,https://RimWorld.fandom.com/wiki/,RimWorld
101,https://SeaofStars.fandom.com/wiki/,Sea of Stars
102,https://AstralChain.fandom.com/wiki/,Astral Chain
103,https://CryptoftheNecroDancer.fandom.com/wiki/,Crypt of the NecroDancer
104,https://LegendsofRuneterra.fandom.com/wiki/,Legends of Runeterra
105,https://HeavyRain.fandom.com/wiki/,Heavy Rain
106,https://TacticsOgreLetUsClingTogether.fandom.com/wiki/,Tactics Ogre: Let Us Cling Together
107,https://DragonBallFighterZ.fandom.com/wiki/,Dragon Ball FighterZ
108,https://Immortality.fandom.com/wiki/,Immortality
109,https://MarvelsSpiderMan.fandom.com/wiki/,Marvel's Spider-Man
110,https://CallofDutyBlackOps.fandom.com/wiki/,Call of Duty: Black Ops
111,https://Tearaway.fandom.com/wiki/,Tearaway
112,https://Unavowed.fandom.com/wiki/,Unavowed
113,https://OutRun.fandom.com/wiki/,OutRun
114,https://Velocity.fandom.com/wiki/,Velocity
115,https://Spelunky.fandom.com/wiki/,Spelunky
116,https://SunlessSkies.fandom.com/wiki/,Sunless Skies
117,https://TalesofArise.fandom.com/wiki/,Tales of Arise
118,https://GoneHome.fandom.com/wiki/,Gone Home
119,https://UnchartedTheNathanDrakeCollection.fandom.com/wiki/,Uncharted: The Nathan Drake Collection
120,https://Astebreed.fandom.com/wiki/,Astebreed
121,https://UnicornOverlord.fandom.com/wiki/,Unicorn Overlord
122,https://Cuphead.fandom.com/wiki/,Cuphead
123,https://VampireSurvivors.fandom.com/wiki/,Vampire Survivors
124,https://TotalWarWARHAMMER.fandom.com/wiki/,Total War: WARHAMMER
125,https://Titanfall.fandom.com/wiki/,Titanfall
126,https://TombRaider.fandom.com/wiki/,Tomb Raider
127,https://AsgardsWrath2.fandom.com/wiki/,Asgard's Wrath 2
128,https://AnonymousCode.fandom.com/wiki/,Anonymous;Code
129,https://Pentiment.fandom.com/wiki/,Pentiment
130,https://BrothersATaleofTwoSons.fandom.com/wiki/,Brothers: A Tale of Two Sons
131,https://HROT.fandom.com/wiki/,HROT
132,https://Bastion.fandom.com/wiki/,Bastion
133,https://SonsoftheForest.fandom.com/wiki/,Sons of the Forest
134,https://ChantsofSennaar.fandom.com/wiki/,Chants of Sennaar
135,https://MonsterTrain.fandom.com/wiki/,Monster Train
136,https://BeatSaber.fandom.com/wiki/,Beat Saber
137,https://HeroesoftheStorm.fandom.com/wiki/,Heroes of the Storm
138,https://PathofExile.fandom.com/wiki/,Path of Exile
139,https://Returnal.fandom.com/wiki/,Returnal
140,https://Arco.fandom.com/wiki/,Arco
141,https://RiskofRain2.fandom.com/wiki/,Risk of Rain 2
142,https://Inscryption.fandom.com/wiki/,Inscryption
143,https://DeepRockGalactic.fandom.com/wiki/,Deep Rock Galactic
144,https://DragonAgeInquisition.fandom.com/wiki/,Dragon Age: Inquisition
145,https://AmongUs.fandom.com/wiki/,Among Us
146,https://13SentinelsAegisRim.fandom.com/wiki/,13 Sentinels: Aegis Rim
147,https://TheOuterWorlds.fandom.com/wiki/,The Outer Worlds
148,https://BravelyDefault.fandom.com/wiki/,Bravely Default
149,https://StarWarsJediSurvivor.fandom.com/wiki/,Star Wars Jedi: Survivor
150,https://Paradigm.fandom.com/wiki/,Paradigm
151,https://Battlerite.fandom.com/wiki/,Battlerite
152,https://LifeisStrange.fandom.com/wiki/,Life is Strange
153,https://HotlineMiami.fandom.com/wiki/,Hotline Miami
154,https://OneBtnBosses.fandom.com/wiki/,One Btn Bosses
155,https://CoreKeeper.fandom.com/wiki/,Core Keeper
156,https://RocketLeague.fandom.com/wiki/,Rocket League
157,https://TheForgottenCity.fandom.com/wiki/,The Forgotten City
158,https://ChaosReborn.fandom.com/wiki/,Chaos Reborn
159,https://Tunic.fandom.com/wiki/,Tunic
160,https://1000xRESIST.fandom.com/wiki/,1000xRESIST
161,https://Jusant.fandom.com/wiki/,Jusant
162,https://ShovelKnight.fandom.com/wiki/,Shovel Knight
163,https://Nioh2.fandom.com/wiki/,Nioh 2
164,https://FrozenSynapse.fandom.com/wiki/,Frozen Synapse
165,https://OxygenNotIncluded.fandom.com/wiki/,Oxygen Not Included
166,https://DeathsDoor.fandom.com/wiki/,Death's Door
167,https://AMIDEVIL.fandom.com/wiki/,AMID EVIL
168,https://MarioKart7.fandom.com/wiki/,Mario Kart 7
169,https://BattleBlockTheater.fandom.com/wiki/,BattleBlock Theater
170,https://WestofLoathing.fandom.com/wiki/,West of Loathing
171,https://NeuroVoider.fandom.com/wiki/,NeuroVoider
172,https://ShadowGambitTheCursedCrew.fandom.com/wiki/,Shadow Gambit: The Cursed Crew
173,https://Moss.fandom.com/wiki/,Moss
174,https://OuterWilds.fandom.com/wiki/,Outer Wilds
175,https://Pyre.fandom.com/wiki/,Pyre
176,https://PapersPlease.fandom.com/wiki/,"Papers, Please"
177,https://RadiantHistoria.fandom.com/wiki/,Radiant Historia
178,https://SpaceChem.fandom.com/wiki/,SpaceChem
179,https://PlanetCoaster.fandom.com/wiki/,Planet Coaster
180,https://StreetFighterXTekken.fandom.com/wiki/,Street Fighter X Tekken
181,https://Rakuen.fandom.com/wiki/,Rakuen
182,https://SoundShapes.fandom.com/wiki/,Sound Shapes
183,https://SaltandSanctuary.fandom.com/wiki/,Salt and Sanctuary
184,https://UFCUndisputed2010.fandom.com/wiki/,UFC Undisputed 2010
185,https://Outland.fandom.com/wiki/,Outland
186,https://Guacamelee.fandom.com/wiki/,Guacamelee!
187,https://Gorogoa.fandom.com/wiki/,Gorogoa
188,https://DarkestDungeon.fandom.com/wiki/,Darkest Dungeon
189,https://Dorfromantik.fandom.com/wiki/,Dorfromantik
190,https://BeaconPines.fandom.com/wiki/,Beacon Pines
191,https://DeusExMankindDivided.fandom.com/wiki/,Deus Ex: Mankind Divided
192,https://LittleGoodyTwoShoes.fandom.com/wiki/,Little Goody Two Shoes
193,https://Wargroove.fandom.com/wiki/,Wargroove
194,https://Stacking.fandom.com/wiki/,Stacking
195,https://Thumper.fandom.com/wiki/,Thumper
196,https://AxiomVerge.fandom.com/wiki/,Axiom Verge
197,https://Frostpunk.fandom.com/wiki/,Frostpunk
198,https://Polybius.fandom.com/wiki/,Polybius
199,https://UnchartedTheLostLegacy.fandom.com/wiki/,Uncharted: The Lost Legacy
200,https://Griftlands.fandom.com/wiki/,Griftlands
201,https://HyperLightDrifter.fandom.com/wiki/,Hyper Light Drifter
202,https://Infernax.fandom.com/wiki/,Infernax
203,https://FugaMelodiesofSteel.fandom.com/wiki/,Fuga: Melodies of Steel
204,https://HogwartsLegacy.fandom.com/wiki/,Hogwarts Legacy
205,https://Bulletstorm.fandom.com/wiki/,Bulletstorm
206,https://Viewfinder.fandom.com/wiki/,Viewfinder
207,https://SOMA.fandom.com/wiki/,SOMA
208,https://Spiritfarer.fandom.com/wiki/,Spiritfarer
209,https://FantasyZone.fandom.com/wiki/,Fantasy Zone
210,https://ThimbleweedPark.fandom.com/wiki/,Thimbleweed Park
211,https://BabaIsYou.fandom.com/wiki/,Baba Is You
212,https://TheBindingofIsaac.fandom.com/wiki/,The Binding of Isaac
213,https://FIFA14.fandom.com/wiki/,FIFA 14
214,https://NewSuperMarioBrosU.fandom.com/wiki/,New Super Mario Bros. U
215,https://Timespinner.fandom.com/wiki/,Timespinner
216,https://TellingLies.fandom.com/wiki/,Telling Lies
217,https://TheEndIsNigh.fandom.com/wiki/,The End Is Nigh
218,https://Hitman.fandom.com/wiki/,Hitman
219,https://Unsighted.fandom.com/wiki/,Unsighted
220,https://SpeedRunners.fandom.com/wiki/,SpeedRunners
221,https://Vanquish.fandom.com/wiki/,Vanquish
222,https://Prodeus.fandom.com/wiki/,Prodeus
223,https://TwoPointHospital.fandom.com/wiki/,Two Point Hospital
224,https://GrimDawn.fandom.com/wiki/,Grim Dawn
225,https://ThePluckySquire.fandom.com/wiki/,The Plucky Squire
226,https://GhostofTsushima.fandom.com/wiki/,Ghost of Tsushima
227,https://KidIcarusUprising.fandom.com/wiki/,Kid Icarus: Uprising
228,https://Gunpoint.fandom.com/wiki/,Gunpoint
229,https://Detention.fandom.com/wiki/,Detention
230,https://Anno2070.fandom.com/wiki/,Anno 2070
231,https://AstrosPlayroom.fandom.com/wiki/,Astro's Playroom
232,https://Parkitect.fandom.com/wiki/,Parkitect
233,https://ThisWarofMine.fandom.com/wiki/,This War of Mine
234,https://DevilDaggers.fandom.com/wiki/,Devil Daggers
235,https://Ravenswatch.fandom.com/wiki/,Ravenswatch
236,https://NineSols.fandom.com/wiki/,Nine Sols
237,https://RingFitAdventure.fandom.com/wiki/,Ring Fit Adventure
238,https://ProjectCARS.fandom.com/wiki/,Project CARS
239,https://TwoPointCampus.fandom.com/wiki/,Two Point Campus
240,https://GuardianHeroes.fandom.com/wiki/,Guardian Heroes
241,https://DuckGame.fandom.com/wiki/,Duck Game
242,https://Unpacking.fandom.com/wiki/,Unpacking
243,https://PocketCardJockey.fandom.com/wiki/,Pocket Card Jockey
244,https://Transistor.fandom.com/wiki/,Transistor
245,https://Splatoon2.fandom.com/wiki/,Splatoon 2
246,https://Stray.fandom.com/wiki/,Stray
247,https://TEVI.fandom.com/wiki/,TEVI
248,https://OctopathTraveler.fandom.com/wiki/,Octopath Traveler
249,https://TriangleStrategy.fandom.com/wiki/,Triangle Strategy
250,https://Picross3D.fandom.com/wiki/,Picross 3D
251,https://Darksiders.fandom.com/wiki/,Darksiders
252,https://Starfield.fandom.com/wiki/,Starfield
253,https://MonacoWhatsYoursIsMine.fandom.com/wiki/,Monaco: What's Yours Is Mine
254,https://HardspaceShipbreaker.fandom.com/wiki/,Hardspace: Shipbreaker
255,https://GRIS.fandom.com/wiki/,GRIS
256,https://UnderMine.fandom.com/wiki/,UnderMine
257,https://VRising.fandom.com/wiki/,V Rising
258,https://GravityRush.fandom.com/wiki/,Gravity Rush
259,https://SANABI.fandom.com/wiki/,SANABI
260,https://DiscRoom.fandom.com/wiki/,Disc Room
261,https://PokemonLegendsArceus.fandom.com/wiki/,Pokemon Legends: Arceus
262,https://AlanWake.fandom.com/wiki/,Alan Wake
263,https://VVVVVV.fandom.com/wiki/,VVVVVV
264,https://KatanaZERO.fandom.com/wiki/,Katana ZERO
265,https://MortalKombat1.fandom.com/wiki/,Mortal Kombat 1
266,https://KillerQueenBlack.fandom.com/wiki/,Killer Queen Black
267,https://Broforce.fandom.com/wiki/,Broforce
268,https://Grounded.fandom.com/wiki/,Grounded
269,https://Roadwarden.fandom.com/wiki/,Roadwarden
270,https://Duskers.fandom.com/wiki/,Duskers
271,https://DoorKickers.fandom.com/wiki/,Door Kickers
272,https://Iconoclasts.fandom.com/wiki/,Iconoclasts
273,https://CrownTrick.fandom.com/wiki/,Crown Trick
274,https://Reventure.fandom.com/wiki/,Reventure
275,https://InvisibleInc.fandom.com/wiki/,"Invisible, Inc."
276,https://WarioWareDIY.fandom.com/wiki/,WarioWare D.I.Y.
277,https://Islets.fandom.com/wiki/,Islets
278,https://FreedomFinger.fandom.com/wiki/,Freedom Finger
279,https://LaserLeague.fandom.com/wiki/,Laser League
280,https://LaserLeague.fandom.com/wiki/,Laser League
281,https://WatchDogs2.fandom.com/wiki/,Watch Dogs 2
282,https://Chivalry2.fandom.com/wiki/,Chivalry 2
283,https://Minecraft.fandom.com/wiki/,Minecraft
284,https://NotForBroadcast.fandom.com/wiki/,Not For Broadcast
285,https://SUPERHOT.fandom.com/wiki/,SUPERHOT
286,https://CrossCode.fandom.com/wiki/,CrossCode
287,https://OneStepFromEden.fandom.com/wiki/,One Step From Eden
288,https://LoversinaDangerousSpacetime.fandom.com/wiki/,Lovers in a Dangerous Spacetime
289,https://IronBrigade.fandom.com/wiki/,Iron Brigade
290,https://N.fandom.com/wiki/,N++
291,https://Antichamber.fandom.com/wiki/,Antichamber
292,https://Dreamscaper.fandom.com/wiki/,Dreamscaper
293,https://Backfirewall.fandom.com/wiki/,Backfirewall_
294,https://Eastward.fandom.com/wiki/,Eastward
295,https://CoralIsland.fandom.com/wiki/,Coral Island
296,https://Hacknet.fandom.com/wiki/,Hacknet
297,https://Blur.fandom.com/wiki/,Blur
298,https://CultoftheLamb.fandom.com/wiki/,Cult of the Lamb
299,https://ChildrenofMorta.fandom.com/wiki/,Children of Morta
300,https://Huntdown.fandom.com/wiki/,Huntdown
301,https://EndlessLegend.fandom.com/wiki/,Endless Legend
302,https://TheLastSpell.fandom.com/wiki/,The Last Spell
303,https://DeathStranding.fandom.com/wiki/,Death Stranding
304,https://Creaks.fandom.com/wiki/,Creaks
305,https://KeroBlaster.fandom.com/wiki/,Kero Blaster
306,https://Gloomhaven.fandom.com/wiki/,Gloomhaven
307,https://Vectronom.fandom.com/wiki/,Vectronom
308,https://Slimesan.fandom.com/wiki/,Slime-san
309,https://ShadowsOverLoathing.fandom.com/wiki/,Shadows Over Loathing
310,https://Archvale.fandom.com/wiki/,Archvale
311,https://Control.fandom.com/wiki/,Control
312,https://SplitSecond.fandom.com/wiki/,Split/Second
313,https://EntertheGungeon.fandom.com/wiki/,Enter the Gungeon
314,https://ChildofLight.fandom.com/wiki/,Child of Light
315,https://RootsofPacha.fandom.com/wiki/,Roots of Pacha
316,https://Technobabylon.fandom.com/wiki/,Technobabylon
317,https://ETHEROne.fandom.com/wiki/,ETHER One
318,https://FreedomPlanet.fandom.com/wiki/,Freedom Planet
319,https://UnMetal.fandom.com/wiki/,UnMetal
320,https://Duelyst.fandom.com/wiki/,Duelyst
321,https://ModNationRacers.fandom.com/wiki/,ModNation Racers
322,https://GoodbyeVolcanoHigh.fandom.com/wiki/,Goodbye Volcano High
323,https://Gnosia.fandom.com/wiki/,Gnosia
324,https://SSX.fandom.com/wiki/,SSX
325,https://LoopHero.fandom.com/wiki/,Loop Hero
326,https://CitizenSleeper.fandom.com/wiki/,Citizen Sleeper
327,https://Botanicula.fandom.com/wiki/,Botanicula
328,https://Wandersong.fandom.com/wiki/,Wandersong
329,https://ISLANDERS.fandom.com/wiki/,ISLANDERS
330,https://WildStar.fandom.com/wiki/,WildStar
331,https://CyberShadow.fandom.com/wiki/,Cyber Shadow
332,https://AmongUsVR.fandom.com/wiki/,Among Us VR
333,https://Wreckfest.fandom.com/wiki/,Wreckfest
334,https://Starbound.fandom.com/wiki/,Starbound
335,https://Nidhogg.fandom.com/wiki/,Nidhogg
336,https://YuppiePsycho.fandom.com/wiki/,Yuppie Psycho
337,https://TotheMoon.fandom.com/wiki/,To the Moon
338,https://GRIME.fandom.com/wiki/,GRIME
339,https://Torchlight.fandom.com/wiki/,Torchlight
340,https://LiveALive.fandom.com/wiki/,Live A Live
341,https://Splatoon.fandom.com/wiki/,Splatoon
342,https://SunlessSea.fandom.com/wiki/,Sunless Sea
343,https://Downwell.fandom.com/wiki/,Downwell
344,https://LoneSurvivor.fandom.com/wiki/,Lone Survivor
345,https://Overcooked2.fandom.com/wiki/,Overcooked! 2
346,https://HuntShowdown.fandom.com/wiki/,Hunt: Showdown
347,https://HuntShowdown.fandom.com/wiki/,Hunt: Showdown
348,https://Nocturnal.fandom.com/wiki/,Nocturnal
349,https://ParadiseKiller.fandom.com/wiki/,Paradise Killer
350,https://MORDHAU.fandom.com/wiki/,MORDHAU
351,https://Ghostrunner.fandom.com/wiki/,Ghostrunner
352,https://VOEZ.fandom.com/wiki/,VOEZ
353,https://UntitledGooseGame.fandom.com/wiki/,Untitled Goose Game
354,https://ToySoldiersColdWar.fandom.com/wiki/,Toy Soldiers: Cold War
355,https://Suzerain.fandom.com/wiki/,Suzerain
356,https://ilomilo.fandom.com/wiki/,ilomilo
357,https://Vessel.fandom.com/wiki/,Vessel
358,https://Everhood.fandom.com/wiki/,Everhood
359,https://Helldivers.fandom.com/wiki/,Helldivers
360,https://BrokenAge.fandom.com/wiki/,Broken Age
361,https://SunsetOverdrive.fandom.com/wiki/,Sunset Overdrive
362,https://ToySoldiers.fandom.com/wiki/,Toy Soldiers
363,https://Stormland.fandom.com/wiki/,Stormland
364,https://RAGE.fandom.com/wiki/,RAGE
365,https://Firewatch.fandom.com/wiki/,Firewatch
366,https://ChildrenofZodiarcs.fandom.com/wiki/,Children of Zodiarcs
367,https://ZombieNightTerror.fandom.com/wiki/,Zombie Night Terror
368,https://Deadlink.fandom.com/wiki/,Deadlink
369,https://CHUCHEL.fandom.com/wiki/,CHUCHEL
370,https://BlackMythWukong.fandom.com/wiki/,Black Myth: Wukong
371,https://SIFU.fandom.com/wiki/,SIFU
372,https://Borderlands3.fandom.com/wiki/,Borderlands 3
373,https://SnowRunner.fandom.com/wiki/,SnowRunner
374,https://FinalFantasyXV.fandom.com/wiki/,Final Fantasy XV
375,https://GenshinImpact.fandom.com/wiki/,Genshin Impact
376,https://FORM.fandom.com/wiki/,FORM
377,https://Terraria.fandom.com/wiki/,Terraria
378,https://Visage.fandom.com/wiki/,Visage
379,https://SuperScribblenauts.fandom.com/wiki/,Super Scribblenauts
380,https://Anno1800.fandom.com/wiki/,Anno 1800
381,https://Minit.fandom.com/wiki/,Minit
382,https://HaveaNiceDeath.fandom.com/wiki/,Have a Nice Death
383,https://TailsofIron.fandom.com/wiki/,Tails of Iron
384,https://Littlewood.fandom.com/wiki/,Littlewood
385,https://Signalis.fandom.com/wiki/,Signalis
386,https://Moonlighter.fandom.com/wiki/,Moonlighter
387,https://PenkoPark.fandom.com/wiki/,Penko Park
388,https://PlanetZoo.fandom.com/wiki/,Planet Zoo
389,https://SlimeRancher.fandom.com/wiki/,Slime Rancher
390,https://Gunbrella.fandom.com/wiki/,Gunbrella
391,https://ImmortalsFenyxRising.fandom.com/wiki/,Immortals Fenyx Rising
392,https://Antihero.fandom.com/wiki/,Antihero
393,https://StellarBlade.fandom.com/wiki/,Stellar Blade
394,https://LostArk.fandom.com/wiki/,Lost Ark
395,https://VoidBastards.fandom.com/wiki/,Void Bastards
396,https://PuzzleQuest2.fandom.com/wiki/,Puzzle Quest 2
397,https://BattleChefBrigade.fandom.com/wiki/,Battle Chef Brigade
398,https://KenaBridgeofSpirits.fandom.com/wiki/,Kena: Bridge of Spirits
399,https://Northgard.fandom.com/wiki/,Northgard
400,https://OldWorld.fandom.com/wiki/,Old World
401,https://DarkDeity.fandom.com/wiki/,Dark Deity
402,https://MyTimeatSandrock.fandom.com/wiki/,My Time at Sandrock
403,https://WatchDogs.fandom.com/wiki/,Watch Dogs
404,https://EndlessSpace2.fandom.com/wiki/,Endless Space 2
405,https://Tyranny.fandom.com/wiki/,Tyranny
406,https://DREDGE.fandom.com/wiki/,DREDGE
407,https://TheBannerSaga.fandom.com/wiki/,The Banner Saga
408,https://UnchartedGoldenAbyss.fandom.com/wiki/,Uncharted: Golden Abyss
409,https://DriverSanFrancisco.fandom.com/wiki/,Driver: San Francisco
410,https://Demeo.fandom.com/wiki/,Demeo
411,https://BattleBrothers.fandom.com/wiki/,Battle Brothers
412,https://Outlast.fandom.com/wiki/,Outlast
413,https://FromDust.fandom.com/wiki/,From Dust
414,https://Oxenfree.fandom.com/wiki/,Oxenfree
415,https://Teardown.fandom.com/wiki/,Teardown
416,https://WoLongFallenDynasty.fandom.com/wiki/,Wo Long: Fallen Dynasty
417,https://LEGODimensions.fandom.com/wiki/,LEGO Dimensions
418,https://Dropsy.fandom.com/wiki/,Dropsy
419,https://HonkaiStarRail.fandom.com/wiki/,Honkai: Star Rail
420,https://Puppeteer.fandom.com/wiki/,Puppeteer
421,https://Wildfrost.fandom.com/wiki/,Wildfrost
422,https://SleepingDogs.fandom.com/wiki/,Sleeping Dogs
423,https://CompanyofHeroes2.fandom.com/wiki/,Company of Heroes 2
424,https://RiME.fandom.com/wiki/,RiME
425,https://Inkbound.fandom.com/wiki/,Inkbound
426,https://BrambleTheMountainKing.fandom.com/wiki/,Bramble: The Mountain King
427,https://HunttheNight.fandom.com/wiki/,Hunt the Night
428,https://BlazingBeaks.fandom.com/wiki/,Blazing Beaks
429,https://DandyAce.fandom.com/wiki/,Dandy Ace
430,https://Saturnalia.fandom.com/wiki/,Saturnalia
431,https://DungeonsofHinterberg.fandom.com/wiki/,Dungeons of Hinterberg
432,https://Valorant.fandom.com/wiki/,Valorant
433,https://SkylandersGiants.fandom.com/wiki/,Skylanders Giants
434,https://WorldofTanks.fandom.com/wiki/,World of Tanks
435,https://OneShot.fandom.com/wiki/,OneShot
436,https://PokemonConquest.fandom.com/wiki/,Pokemon Conquest
437,https://PanzerCorps.fandom.com/wiki/,Panzer Corps
438,https://Faeria.fandom.com/wiki/,Faeria
439,https://ToothandTail.fandom.com/wiki/,Tooth and Tail
440,https://THEFINALS.fandom.com/wiki/,THE FINALS
441,https://PlanetofLana.fandom.com/wiki/,Planet of Lana
442,https://BOXBOY.fandom.com/wiki/,BOXBOY!
443,https://LEGOCityUndercover.fandom.com/wiki/,LEGO City Undercover
444,https://Luftrausers.fandom.com/wiki/,Luftrausers
445,https://Blacktail.fandom.com/wiki/,Blacktail
446,https://Blacktail.fandom.com/wiki/,Blacktail
447,https://Ghostrunner2.fandom.com/wiki/,Ghostrunner 2
448,https://DiceyDungeons.fandom.com/wiki/,Dicey Dungeons
449,https://INDIKA.fandom.com/wiki/,INDIKA
450,https://LiesofP.fandom.com/wiki/,Lies of P
451,https://ThemsFightinHerds.fandom.com/wiki/,Them's Fightin' Herds
452,https://ScarletNexus.fandom.com/wiki/,Scarlet Nexus
453,https://LastEpoch.fandom.com/wiki/,Last Epoch
454,https://Potionomics.fandom.com/wiki/,Potionomics
455,https://FARLoneSails.fandom.com/wiki/,FAR: Lone Sails
456,https://Darkwood.fandom.com/wiki/,Darkwood
457,https://Everything.fandom.com/wiki/,Everything
458,https://ArcheAge.fandom.com/wiki/,ArcheAge
459,https://SMITE.fandom.com/wiki/,SMITE
460,https://KnockoutCity.fandom.com/wiki/,Knockout City
461,https://Judgment.fandom.com/wiki/,Judgment
462,https://Autonauts.fandom.com/wiki/,Autonauts
463,https://Ziggurat.fandom.com/wiki/,Ziggurat
464,https://TavernTalk.fandom.com/wiki/,Tavern Talk
465,https://Dustforce.fandom.com/wiki/,Dustforce
466,https://Venba.fandom.com/wiki/,Venba
467,https://FracturedSpace.fandom.com/wiki/,Fractured Space
468,https://StarWarsJediFallenOrder.fandom.com/wiki/,Star Wars Jedi: Fallen Order
469,https://Wartales.fandom.com/wiki/,Wartales
470,https://DungeonoftheEndless.fandom.com/wiki/,Dungeon of the Endless
471,https://Valfaris.fandom.com/wiki/,Valfaris
472,https://Tangledeep.fandom.com/wiki/,Tangledeep
473,https://KnightsandBikes.fandom.com/wiki/,Knights and Bikes
474,https://Cuisineer.fandom.com/wiki/,Cuisineer
475,https://GoNNER.fandom.com/wiki/,GoNNER
476,https://STASIS.fandom.com/wiki/,STASIS
477,https://Chime.fandom.com/wiki/,Chime
478,https://Trepang2.fandom.com/wiki/,Trepang2
479,https://TerraNil.fandom.com/wiki/,Terra Nil
480,https://FortheKing.fandom.com/wiki/,For the King
481,https://Steredenn.fandom.com/wiki/,Steredenn
482,https://SouthParkTheFracturedButWhole.fandom.com/wiki/,South Park: The Fractured But Whole
483,https://MondayNightCombat.fandom.com/wiki/,Monday Night Combat
484,https://Rollerdrome.fandom.com/wiki/,Rollerdrome
485,https://Jotun.fandom.com/wiki/,Jotun
486,https://ArenaofValor.fandom.com/wiki/,Arena of Valor
487,https://BloodlineChampions.fandom.com/wiki/,Bloodline Champions
488,https://Carto.fandom.com/wiki/,Carto
489,https://PiratesOutlaws.fandom.com/wiki/,Pirates Outlaws
490,https://OrcsMustDie.fandom.com/wiki/,Orcs Must Die!
491,https://Dicefolk.fandom.com/wiki/,Dicefolk
492,https://Prey.fandom.com/wiki/,Prey
493,https://DungeonsofDredmor.fandom.com/wiki/,Dungeons of Dredmor
494,https://CULTIC.fandom.com/wiki/,CULTIC
495,https://DeathSpank.fandom.com/wiki/,DeathSpank
496,https://DeathSpank.fandom.com/wiki/,DeathSpank
497,https://YsSeven.fandom.com/wiki/,Ys Seven
498,https://DeathRoadtoCanada.fandom.com/wiki/,Death Road to Canada
499,https://Dystopika.fandom.com/wiki/,Dystopika
500,https://LaMulana2.fandom.com/wiki/,La-Mulana 2
501,https://AHatinTime.fandom.com/wiki/,A Hat in Time
502,https://StellaGlow.fandom.com/wiki/,Stella Glow
503,https://Afterimage.fandom.com/wiki/,Afterimage
504,https://AlienIsolation.fandom.com/wiki/,Alien: Isolation
505,https://HellLetLoose.fandom.com/wiki/,Hell Let Loose
506,https://CastleStorm.fandom.com/wiki/,CastleStorm
507,https://Catherine.fandom.com/wiki/,Catherine
508,https://MetalHellsinger.fandom.com/wiki/,Metal: Hellsinger
509,https://FarewellNorth.fandom.com/wiki/,Farewell North
510,https://MonsterTale.fandom.com/wiki/,Monster Tale
511,https://TheQuarry.fandom.com/wiki/,The Quarry
512,https://MurderbyNumbers.fandom.com/wiki/,Murder by Numbers
513,https://FireProWrestlingWorld.fandom.com/wiki/,Fire Pro Wrestling World
514,https://TOEM.fandom.com/wiki/,TOEM
515,https://OlliOlli.fandom.com/wiki/,OlliOlli
516,https://LittleInferno.fandom.com/wiki/,Little Inferno
517,https://DOOM.fandom.com/wiki/,DOOM
518,https://ReadyorNot.fandom.com/wiki/,Ready or Not
519,https://StarWarsSquadrons.fandom.com/wiki/,Star Wars: Squadrons
520,https://Road96.fandom.com/wiki/,Road 96
521,https://WaywardStrand.fandom.com/wiki/,Wayward Strand
522,https://HeatSignature.fandom.com/wiki/,Heat Signature
523,https://WorldEndSyndrome.fandom.com/wiki/,World End Syndrome
524,https://WorldEndSyndrome.fandom.com/wiki/,World End Syndrome
525,https://AngerFoot.fandom.com/wiki/,Anger Foot
526,https://Spellbreak.fandom.com/wiki/,Spellbreak
527,https://EiyudenChronicleHundredHeroes.fandom.com/wiki/,Eiyuden Chronicle: Hundred Heroes
528,https://Overwatch2.fandom.com/wiki/,Overwatch 2
529,https://EVERSPACE.fandom.com/wiki/,EVERSPACE
530,https://WildHearts.fandom.com/wiki/,Wild Hearts
531,https://Apotheon.fandom.com/wiki/,Apotheon
532,https://BattleTech.fandom.com/wiki/,BattleTech
533,https://Othercide.fandom.com/wiki/,Othercide
534,https://CurseoftheDeadGods.fandom.com/wiki/,Curse of the Dead Gods
535,https://DetroitBecomeHuman.fandom.com/wiki/,Detroit: Become Human
536,https://AWayOut.fandom.com/wiki/,A Way Out
537,https://Stellaris.fandom.com/wiki/,Stellaris
538,https://TellMeWhy.fandom.com/wiki/,Tell Me Why
539,https://DeadCore.fandom.com/wiki/,DeadCore
540,https://Overcooked.fandom.com/wiki/,Overcooked!
541,https://Dauntless.fandom.com/wiki/,Dauntless
542,https://Wuppo.fandom.com/wiki/,Wuppo
543,https://ForHonor.fandom.com/wiki/,For Honor
544,https://SystemShock.fandom.com/wiki/,System Shock
545,https://TumbleSeed.fandom.com/wiki/,TumbleSeed
546,https://GTFO.fandom.com/wiki/,GTFO
547,https://Observer.fandom.com/wiki/,Observer
548,https://SongsofConquest.fandom.com/wiki/,Songs of Conquest
549,https://LEGOStarWarsTheForceAwakens.fandom.com/wiki/,LEGO Star Wars: The Force Awakens
550,https://Unravel.fandom.com/wiki/,Unravel
551,https://Candleman.fandom.com/wiki/,Candleman
552,https://Wytchwood.fandom.com/wiki/,Wytchwood
553,https://GrowSongoftheEvertree.fandom.com/wiki/,Grow: Song of the Evertree
554,https://WorldofHorror.fandom.com/wiki/,World of Horror
555,https://AnotherCrabsTreasure.fandom.com/wiki/,Another Crab's Treasure
556,https://Ashen.fandom.com/wiki/,Ashen
557,https://GreenHell.fandom.com/wiki/,Green Hell
558,https://RemnantFromtheAshes.fandom.com/wiki/,Remnant: From the Ashes
559,https://DontStarve.fandom.com/wiki/,Don't Starve
560,https://UnboundWorldsApart.fandom.com/wiki/,Unbound: Worlds Apart
561,https://CosmicStarHeroine.fandom.com/wiki/,Cosmic Star Heroine
562,https://Skullgirls.fandom.com/wiki/,Skullgirls
563,https://PitPeople.fandom.com/wiki/,Pit People
564,https://Fortnite.fandom.com/wiki/,Fortnite
565,https://ElectronicSuperJoy.fandom.com/wiki/,Electronic Super Joy
566,https://JupiterHell.fandom.com/wiki/,Jupiter Hell
567,https://StateofDecay.fandom.com/wiki/,State of Decay
568,https://RetroGrade.fandom.com/wiki/,Retro/Grade
569,https://Inkulinati.fandom.com/wiki/,Inkulinati
570,https://AlphaBounce.fandom.com/wiki/,AlphaBounce
571,https://LittleNightmares.fandom.com/wiki/,Little Nightmares
572,https://GRID2.fandom.com/wiki/,GRID 2
573,https://InazumaEleven.fandom.com/wiki/,Inazuma Eleven
574,https://Forager.fandom.com/wiki/,Forager
575,https://BanishersGhostsofNewEden.fandom.com/wiki/,Banishers: Ghosts of New Eden
576,https://RUSE.fandom.com/wiki/,R.U.S.E.
577,https://PerAspera.fandom.com/wiki/,Per Aspera
578,https://Roguebook.fandom.com/wiki/,Roguebook
579,https://Tinykin.fandom.com/wiki/,Tinykin
580,https://Eastshade.fandom.com/wiki/,Eastshade
581,https://ABZU.fandom.com/wiki/,ABZU
582,https://FiveNightsatFreddys.fandom.com/wiki/,Five Nights at Freddy's
583,https://Crashlands.fandom.com/wiki/,Crashlands
584,https://IratusLordoftheDead.fandom.com/wiki/,Iratus: Lord of the Dead
585,https://EverybodysGonetotheRapture.fandom.com/wiki/,Everybody's Gone to the Rapture
586,https://OffworldTradingCompany.fandom.com/wiki/,Offworld Trading Company
587,https://Atomicrops.fandom.com/wiki/,Atomicrops
588,https://FightsinTightSpaces.fandom.com/wiki/,Fights in Tight Spaces
589,https://Wingspan.fandom.com/wiki/,Wingspan
590,https://Inmost.fandom.com/wiki/,Inmost
591,https://PHOGS.fandom.com/wiki/,PHOGS!
592,https://VacationSimulator.fandom.com/wiki/,Vacation Simulator
593,https://Starhawk.fandom.com/wiki/,Starhawk
594,https://Reigns.fandom.com/wiki/,Reigns
595,https://HARDCOREMECHA.fandom.com/wiki/,HARDCORE MECHA
596,https://Loddlenaut.fandom.com/wiki/,Loddlenaut
597,https://RISKFactions.fandom.com/wiki/,RISK: Factions
598,https://RebelGalaxyOutlaw.fandom.com/wiki/,Rebel Galaxy Outlaw
599,https://AngryBirds.fandom.com/wiki/,Angry Birds
600,https://ShipofFools.fandom.com/wiki/,Ship of Fools
601,https://WhispersofaMachine.fandom.com/wiki/,Whispers of a Machine
602,https://Humankind.fandom.com/wiki/,Humankind
603,https://Indivisible.fandom.com/wiki/,Indivisible
604,https://Blasphemous.fandom.com/wiki/,Blasphemous
605,https://AncestorsLegacy.fandom.com/wiki/,Ancestors Legacy
606,https://BoPathoftheTealLotus.fandom.com/wiki/,Bo: Path of the Teal Lotus
607,https://TheLongDark.fandom.com/wiki/,The Long Dark
608,https://SonicGenerations.fandom.com/wiki/,Sonic Generations
609,https://SolastaCrownoftheMagister.fandom.com/wiki/,Solasta: Crown of the Magister
610,https://QuantumBreak.fandom.com/wiki/,Quantum Break
611,https://KidIcarus.fandom.com/wiki/,Kid Icarus
612,https://Teslagrad.fandom.com/wiki/,Teslagrad
613,https://AzureStrikerGunvolt.fandom.com/wiki/,Azure Striker Gunvolt
614,https://Orwell.fandom.com/wiki/,Orwell
615,https://Back4Blood.fandom.com/wiki/,Back 4 Blood
616,https://NEOScavenger.fandom.com/wiki/,NEO Scavenger
617,https://StillThere.fandom.com/wiki/,Still There
618,https://ARMS.fandom.com/wiki/,ARMS
619,https://20XX.fandom.com/wiki/,20XX
620,https://DeliverUsTheMoon.fandom.com/wiki/,Deliver Us The Moon
621,https://GenesisNoir.fandom.com/wiki/,Genesis Noir
622,https://Eldritch.fandom.com/wiki/,Eldritch
623,https://ThePathless.fandom.com/wiki/,The Pathless
624,https://SignsoftheSojourner.fandom.com/wiki/,Signs of the Sojourner
625,https://SignsoftheSojourner.fandom.com/wiki/,Signs of the Sojourner
626,https://DungeonDefenders.fandom.com/wiki/,Dungeon Defenders
627,https://DeadNation.fandom.com/wiki/,Dead Nation
628,https://Tchia.fandom.com/wiki/,Tchia
629,https://RidersRepublic.fandom.com/wiki/,Riders Republic
630,https://TransformersDevastation.fandom.com/wiki/,Transformers: Devastation
631,https://QuantumConundrum.fandom.com/wiki/,Quantum Conundrum
632,https://Rocksmith.fandom.com/wiki/,Rocksmith
633,https://Chronos.fandom.com/wiki/,Chronos
634,https://SoulSacrifice.fandom.com/wiki/,Soul Sacrifice
635,https://XCOMChimeraSquad.fandom.com/wiki/,XCOM: Chimera Squad
636,https://EndlessSpace.fandom.com/wiki/,Endless Space
637,https://CostumeQuest.fandom.com/wiki/,Costume Quest
638,https://Timelie.fandom.com/wiki/,Timelie
639,https://Fabledom.fandom.com/wiki/,Fabledom
640,https://Strider.fandom.com/wiki/,Strider
641,https://DayofInfamy.fandom.com/wiki/,Day of Infamy
642,https://Relayer.fandom.com/wiki/,Relayer
643,https://BattlestarGalacticaDeadlock.fandom.com/wiki/,Battlestar Galactica Deadlock
644,https://LittleBigWorkshop.fandom.com/wiki/,Little Big Workshop
645,https://Xenonauts.fandom.com/wiki/,Xenonauts
646,https://LaMulana.fandom.com/wiki/,La-Mulana
647,https://ZombiU.fandom.com/wiki/,ZombiU
648,https://KarmaZoo.fandom.com/wiki/,KarmaZoo
649,https://TheSimsMedieval.fandom.com/wiki/,The Sims Medieval
650,https://TERA.fandom.com/wiki/,TERA
651,https://SolarAsh.fandom.com/wiki/,Solar Ash
652,https://LISA.fandom.com/wiki/,LISA
653,https://RiskofRain.fandom.com/wiki/,Risk of Rain
654,https://TalesofGraces.fandom.com/wiki/,Tales of Graces
655,https://AWorldofKeflings.fandom.com/wiki/,A World of Keflings
656,https://JustDance4.fandom.com/wiki/,Just Dance 4
657,https://StarRenegades.fandom.com/wiki/,Star Renegades
658,https://DarkTrain.fandom.com/wiki/,Dark Train
659,https://Awesomenauts.fandom.com/wiki/,Awesomenauts
660,https://3DDotGameHeroes.fandom.com/wiki/,3D Dot Game Heroes
661,https://DoNotFeedtheMonkeys.fandom.com/wiki/,Do Not Feed the Monkeys
662,https://Souldiers.fandom.com/wiki/,Souldiers
663,https://InsanelyTwistedShadowPlanet.fandom.com/wiki/,Insanely Twisted Shadow Planet
664,https://WarThunder.fandom.com/wiki/,War Thunder
665,https://ZenlessZoneZero.fandom.com/wiki/,Zenless Zone Zero
666,https://Destiny.fandom.com/wiki/,Destiny
667,https://UntoTheEnd.fandom.com/wiki/,Unto The End
668,https://UntoTheEnd.fandom.com/wiki/,Unto The End
669,https://Spirittea.fandom.com/wiki/,Spirittea
670,https://LawBreakers.fandom.com/wiki/,LawBreakers
671,https://Tacoma.fandom.com/wiki/,Tacoma
672,https://inbento.fandom.com/wiki/,inbento
673,https://PolarisSector.fandom.com/wiki/,Polaris Sector
674,https://HeroesofNewerth.fandom.com/wiki/,Heroes of Newerth
675,https://Sable.fandom.com/wiki/,Sable
676,https://WizardofLegend.fandom.com/wiki/,Wizard of Legend
677,https://SecretWorldLegends.fandom.com/wiki/,Secret World Legends
678,https://ScourgeBringer.fandom.com/wiki/,ScourgeBringer
679,https://AirborneKingdom.fandom.com/wiki/,Airborne Kingdom
680,https://ShadowsoftheDamned.fandom.com/wiki/,Shadows of the Damned
681,https://EldestSouls.fandom.com/wiki/,Eldest Souls
682,https://Wavetale.fandom.com/wiki/,Wavetale
683,https://Crysis3.fandom.com/wiki/,Crysis 3
684,https://Hob.fandom.com/wiki/,Hob
685,https://Hob.fandom.com/wiki/,Hob
686,https://DemonTurf.fandom.com/wiki/,Demon Turf
687,https://MortalShell.fandom.com/wiki/,Mortal Shell
688,https://Obduction.fandom.com/wiki/,Obduction
689,https://Mutazione.fandom.com/wiki/,Mutazione
690,https://AxiomVerge2.fandom.com/wiki/,Axiom Verge 2
691,https://Miasmata.fandom.com/wiki/,Miasmata
692,https://WeirdWest.fandom.com/wiki/,Weird West
693,https://PokkenTournament.fandom.com/wiki/,Pokken Tournament
694,https://SPRAWL.fandom.com/wiki/,SPRAWL
695,https://Deathsmiles.fandom.com/wiki/,Deathsmiles
696,https://Noita.fandom.com/wiki/,Noita
697,https://PartyAnimals.fandom.com/wiki/,Party Animals
698,https://YokaiWatch.fandom.com/wiki/,Yo-kai Watch
699,https://WindJammers.fandom.com/wiki/,WindJammers
700,https://Singularity.fandom.com/wiki/,Singularity
701,https://Flinthook.fandom.com/wiki/,Flinthook
702,https://MAG.fandom.com/wiki/,MAG
703,https://EverOasis.fandom.com/wiki/,Ever Oasis
704,https://TheFinalStation.fandom.com/wiki/,The Final Station
705,https://TheSurvivalists.fandom.com/wiki/,The Survivalists
706,https://BrokenLines.fandom.com/wiki/,Broken Lines
707,https://KingdomComeDeliverance.fandom.com/wiki/,Kingdom Come: Deliverance
708,https://TwelveMinutes.fandom.com/wiki/,Twelve Minutes
709,https://RiseoftheRonin.fandom.com/wiki/,Rise of the Ronin
710,https://Pikuniku.fandom.com/wiki/,Pikuniku
711,https://SurvivingMars.fandom.com/wiki/,Surviving Mars
712,https://Hindsight.fandom.com/wiki/,Hindsight
713,https://FieldofGloryEmpires.fandom.com/wiki/,Field of Glory: Empires
714,https://CrimsonShroud.fandom.com/wiki/,Crimson Shroud
715,https://Gigantic.fandom.com/wiki/,Gigantic
716,https://JYDGE.fandom.com/wiki/,JYDGE
717,https://StoryofSeasons.fandom.com/wiki/,Story of Seasons
718,https://EnGarde.fandom.com/wiki/,En Garde!
719,https://Evolve.fandom.com/wiki/,Evolve
720,https://CoffeeTalk.fandom.com/wiki/,Coffee Talk
721,https://DinsCurse.fandom.com/wiki/,Din's Curse
722,https://HyruleWarriors.fandom.com/wiki/,Hyrule Warriors
723,https://DISTRAINT.fandom.com/wiki/,DISTRAINT
724,https://Crawl.fandom.com/wiki/,Crawl
725,https://AggressorsAncientRome.fandom.com/wiki/,Aggressors: Ancient Rome
726,https://WatchDogsLegion.fandom.com/wiki/,Watch Dogs: Legion
727,https://ForgottonAnne.fandom.com/wiki/,Forgotton Anne
728,https://Artifact.fandom.com/wiki/,Artifact
729,https://ATONEHeartoftheElderTree.fandom.com/wiki/,ATONE: Heart of the Elder Tree
730,https://MarySkelterNightmares.fandom.com/wiki/,Mary Skelter: Nightmares
731,https://SportsChampions.fandom.com/wiki/,Sports Champions
732,https://AftertheFall.fandom.com/wiki/,After the Fall
733,https://DearEsther.fandom.com/wiki/,Dear Esther
734,https://TheDreamMachine.fandom.com/wiki/,The Dream Machine
735,https://Armello.fandom.com/wiki/,Armello
736,https://FaeFarm.fandom.com/wiki/,Fae Farm
737,https://PowerWashSimulator.fandom.com/wiki/,PowerWash Simulator
738,https://StarControlOrigins.fandom.com/wiki/,Star Control: Origins
739,https://GunfireReborn.fandom.com/wiki/,Gunfire Reborn
740,https://TheAwesomeAdventuresofCaptainSpirit.fandom.com/wiki/,The Awesome Adventures of Captain Spirit
741,https://StrikeVectorEX.fandom.com/wiki/,Strike Vector EX
742,https://MultiVersus.fandom.com/wiki/,MultiVersus
743,https://Kenshi.fandom.com/wiki/,Kenshi
744,https://Reus.fandom.com/wiki/,Reus
745,https://TalesoftheAbyss.fandom.com/wiki/,Tales of the Abyss
746,https://DragonsDogma.fandom.com/wiki/,Dragon's Dogma
747,https://PaperMarioStickerStar.fandom.com/wiki/,Paper Mario: Sticker Star
748,https://EndlessDungeon.fandom.com/wiki/,Endless Dungeon
749,https://RebelGalaxy.fandom.com/wiki/,Rebel Galaxy
750,https://Beholder.fandom.com/wiki/,Beholder
751,https://SatelliteReign.fandom.com/wiki/,Satellite Reign
752,https://Descenders.fandom.com/wiki/,Descenders
753,https://KillingFloor2.fandom.com/wiki/,Killing Floor 2
754,https://ThePersistence.fandom.com/wiki/,The Persistence
755,https://Homeworld3.fandom.com/wiki/,Homeworld 3
756,https://Absolver.fandom.com/wiki/,Absolver
757,https://BomberCrew.fandom.com/wiki/,Bomber Crew
758,https://BlacklightRetribution.fandom.com/wiki/,Blacklight: Retribution
759,https://Cattails.fandom.com/wiki/,Cattails
760,https://InfiniteSpace.fandom.com/wiki/,Infinite Space
761,https://DonutCounty.fandom.com/wiki/,Donut County
762,https://BattleChasersNightwar.fandom.com/wiki/,Battle Chasers: Nightwar
763,https://StarWarsOutlaws.fandom.com/wiki/,Star Wars Outlaws
764,https://Shardlight.fandom.com/wiki/,Shardlight
765,https://Jazzpunk.fandom.com/wiki/,Jazzpunk
766,https://WormsWMD.fandom.com/wiki/,Worms W.M.D
767,https://Figment.fandom.com/wiki/,Figment
768,https://AtomZombieSmasher.fandom.com/wiki/,Atom Zombie Smasher
769,https://Bugsnax.fandom.com/wiki/,Bugsnax
770,https://WWEAllStars.fandom.com/wiki/,WWE All Stars
771,https://DeathComeTrue.fandom.com/wiki/,Death Come True
772,https://StarConflict.fandom.com/wiki/,Star Conflict
773,https://Anodyne.fandom.com/wiki/,Anodyne
774,https://LordsoftheFallen.fandom.com/wiki/,Lords of the Fallen
775,https://GhostWireTokyo.fandom.com/wiki/,GhostWire: Tokyo
776,https://CryingSuns.fandom.com/wiki/,Crying Suns
777,https://TheEvilWithin.fandom.com/wiki/,The Evil Within
778,https://Moonscars.fandom.com/wiki/,Moonscars
779,https://VictorVran.fandom.com/wiki/,Victor Vran
780,https://Ruiner.fandom.com/wiki/,Ruiner
781,https://AKxolotl.fandom.com/wiki/,AK-xolotl
782,https://ConcreteGenie.fandom.com/wiki/,Concrete Genie
783,https://Afterparty.fandom.com/wiki/,Afterparty
784,https://Bloodroots.fandom.com/wiki/,Bloodroots
785,https://GRIDAutosport.fandom.com/wiki/,GRID Autosport
786,https://StarTrekBridgeCrew.fandom.com/wiki/,Star Trek: Bridge Crew
787,https://GhostofaTale.fandom.com/wiki/,Ghost of a Tale
788,https://Chernobylite.fandom.com/wiki/,Chernobylite
789,https://Showgunners.fandom.com/wiki/,Showgunners
790,https://LayersofFear.fandom.com/wiki/,Layers of Fear
791,https://NightSky.fandom.com/wiki/,NightSky
792,https://ChromaSquad.fandom.com/wiki/,Chroma Squad
793,https://PocketRumble.fandom.com/wiki/,Pocket Rumble
794,https://TheRoom.fandom.com/wiki/,The Room
795,https://IronHarvest.fandom.com/wiki/,Iron Harvest
796,https://BlackFuture88.fandom.com/wiki/,Black Future '88
797,https://BlackBook.fandom.com/wiki/,Black Book
798,https://GremlinsInc.fandom.com/wiki/,"Gremlins, Inc."
799,https://SorcererKing.fandom.com/wiki/,Sorcerer King
800,https://Flock.fandom.com/wiki/,Flock
801,https://Carrion.fandom.com/wiki/,Carrion
802,https://Overland.fandom.com/wiki/,Overland
803,https://TokyoXanadu.fandom.com/wiki/,Tokyo Xanadu
804,https://Sundered.fandom.com/wiki/,Sundered
805,https://AegisDefenders.fandom.com/wiki/,Aegis Defenders
806,https://ClaDunx2.fandom.com/wiki/,ClaDun x2
807,https://MedalofHonor.fandom.com/wiki/,Medal of Honor
808,https://TitanSouls.fandom.com/wiki/,Titan Souls
809,https://Rad.fandom.com/wiki/,Rad
810,https://PinballFX.fandom.com/wiki/,Pinball FX
811,https://Peglin.fandom.com/wiki/,Peglin
812,https://Neversong.fandom.com/wiki/,Neversong
813,https://Superliminal.fandom.com/wiki/,Superliminal
814,https://SongofHorror.fandom.com/wiki/,Song of Horror
815,https://Insurgency.fandom.com/wiki/,Insurgency
816,https://Omensight.fandom.com/wiki/,Omensight
817,https://ResonanceofFate.fandom.com/wiki/,Resonance of Fate
818,https://IAmSetsuna.fandom.com/wiki/,I Am Setsuna
819,https://Pendragon.fandom.com/wiki/,Pendragon
820,https://BinaryDomain.fandom.com/wiki/,Binary Domain
821,https://Deponia.fandom.com/wiki/,Deponia
822,https://TheEscapists.fandom.com/wiki/,The Escapists
823,https://Trackmania.fandom.com/wiki/,Trackmania
824,https://WheretheWaterTastesLikeWine.fandom.com/wiki/,Where the Water Tastes Like Wine
825,https://ExpeditionsViking.fandom.com/wiki/,Expeditions: Viking
826,https://Magicka.fandom.com/wiki/,Magicka
827,https://MagesofMystralia.fandom.com/wiki/,Mages of Mystralia
828,https://DisneyInfinity.fandom.com/wiki/,Disney Infinity
829,https://Insurmountable.fandom.com/wiki/,Insurmountable
830,https://PhoenixPoint.fandom.com/wiki/,Phoenix Point
831,https://MovingOut.fandom.com/wiki/,Moving Out
832,https://DawnofMan.fandom.com/wiki/,Dawn of Man
833,https://CollarxMalice.fandom.com/wiki/,Collar x Malice
834,https://LootRiver.fandom.com/wiki/,Loot River
835,https://NeonAbyss.fandom.com/wiki/,Neon Abyss
836,https://Undying.fandom.com/wiki/,Undying
837,https://Kinectimals.fandom.com/wiki/,Kinectimals
838,https://DyingLight.fandom.com/wiki/,Dying Light
839,https://HighFleet.fandom.com/wiki/,HighFleet
840,https://JourneytotheSavagePlanet.fandom.com/wiki/,Journey to the Savage Planet
841,https://DisneySpeedstorm.fandom.com/wiki/,Disney Speedstorm
842,https://CrisTales.fandom.com/wiki/,Cris Tales
843,https://Shantae.fandom.com/wiki/,Shantae
844,https://Amplitude.fandom.com/wiki/,Amplitude
845,https://LuigisMansion.fandom.com/wiki/,Luigi's Mansion
846,https://Ooblets.fandom.com/wiki/,Ooblets
847,https://TRI.fandom.com/wiki/,TRI
848,https://AttackonTitan.fandom.com/wiki/,Attack on Titan
849,https://HyperParasite.fandom.com/wiki/,HyperParasite
850,https://DarwinProject.fandom.com/wiki/,Darwin Project
851,https://Anarcute.fandom.com/wiki/,Anarcute
852,https://LostWordsBeyondthePage.fandom.com/wiki/,Lost Words: Beyond the Page
853,https://PotionPermit.fandom.com/wiki/,Potion Permit
854,https://Relicta.fandom.com/wiki/,Relicta
855,https://TokyoJungle.fandom.com/wiki/,Tokyo Jungle
856,https://DeadInVinland.fandom.com/wiki/,Dead In Vinland
857,https://TheBeastInside.fandom.com/wiki/,The Beast Inside
858,https://NaritaBoy.fandom.com/wiki/,Narita Boy
859,https://TheSwordsofDitto.fandom.com/wiki/,The Swords of Ditto
860,https://CuldceptRevolt.fandom.com/wiki/,Culdcept Revolt
861,https://DroxOperative.fandom.com/wiki/,Drox Operative
862,https://TheRedSolstice.fandom.com/wiki/,The Red Solstice
863,https://TurnipBoyCommitsTaxEvasion.fandom.com/wiki/,Turnip Boy Commits Tax Evasion
864,https://Neverwinter.fandom.com/wiki/,Neverwinter
865,https://LetsBuildaZoo.fandom.com/wiki/,Let's Build a Zoo
866,https://SilentHope.fandom.com/wiki/,Silent Hope
867,https://OrientalEmpires.fandom.com/wiki/,Oriental Empires
868,https://MirageArcaneWarfare.fandom.com/wiki/,Mirage: Arcane Warfare
869,https://TheCouncil.fandom.com/wiki/,The Council
870,https://Harvestella.fandom.com/wiki/,Harvestella
871,https://ShadowWarrior.fandom.com/wiki/,Shadow Warrior
872,https://Coromon.fandom.com/wiki/,Coromon
873,https://Chorus.fandom.com/wiki/,Chorus
874,https://Arcadegeddon.fandom.com/wiki/,Arcadegeddon
875,https://Killsquad.fandom.com/wiki/,Killsquad
876,https://LEGO2KDrive.fandom.com/wiki/,LEGO 2K Drive
877,https://DuneSpiceWars.fandom.com/wiki/,Dune: Spice Wars
878,https://BlackDesertOnline.fandom.com/wiki/,Black Desert Online
879,https://Ikenfell.fandom.com/wiki/,Ikenfell
880,https://ProjectSpark.fandom.com/wiki/,Project Spark
881,https://Nebuchadnezzar.fandom.com/wiki/,Nebuchadnezzar
882,https://TheLegendofBumbo.fandom.com/wiki/,The Legend of Bum-bo
883,https://Outriders.fandom.com/wiki/,Outriders
884,https://PandorasTower.fandom.com/wiki/,Pandora's Tower
885,https://NowhereProphet.fandom.com/wiki/,Nowhere Prophet
886,https://Livelock.fandom.com/wiki/,Livelock
887,https://Lumo.fandom.com/wiki/,Lumo
888,https://MedievalDynasty.fandom.com/wiki/,Medieval Dynasty
889,https://PaperSorcerer.fandom.com/wiki/,Paper Sorcerer
890,https://FantasyLife.fandom.com/wiki/,Fantasy Life
891,https://FreedomWars.fandom.com/wiki/,Freedom Wars
892,https://GRID.fandom.com/wiki/,GRID
893,https://Cloudpunk.fandom.com/wiki/,Cloudpunk
894,https://TheColonists.fandom.com/wiki/,The Colonists
895,https://MarthaisDead.fandom.com/wiki/,Martha is Dead
896,https://TheTakeOver.fandom.com/wiki/,The TakeOver
897,https://Eufloria.fandom.com/wiki/,Eufloria
898,https://BLUD.fandom.com/wiki/,#BLUD
899,https://HacknSlash.fandom.com/wiki/,Hack 'n' Slash
900,https://TribesofMidgard.fandom.com/wiki/,Tribes of Midgard
901,https://TheCrushHouse.fandom.com/wiki/,The Crush House
902,https://ArcadeParadise.fandom.com/wiki/,Arcade Paradise
903,https://Cinders.fandom.com/wiki/,Cinders
904,https://CaravanSandWitch.fandom.com/wiki/,Caravan SandWitch
905,https://RocketArena.fandom.com/wiki/,Rocket Arena
906,https://Banished.fandom.com/wiki/,Banished
907,https://HardReset.fandom.com/wiki/,Hard Reset
908,https://WormsRevolution.fandom.com/wiki/,Worms Revolution
909,https://TheSurge.fandom.com/wiki/,The Surge
910,https://IronDanger.fandom.com/wiki/,Iron Danger
911,https://MyTimeAtPortia.fandom.com/wiki/,My Time At Portia
912,https://BirdsofSteel.fandom.com/wiki/,Birds of Steel
913,https://KillerInstinct.fandom.com/wiki/,Killer Instinct
914,https://112Operator.fandom.com/wiki/,112 Operator
915,https://Earthlock.fandom.com/wiki/,Earthlock
916,https://SonicSuperstars.fandom.com/wiki/,Sonic Superstars
917,https://Mulaka.fandom.com/wiki/,Mulaka
918,https://DragonBallZKakarot.fandom.com/wiki/,Dragon Ball Z: Kakarot
919,https://BartlowsDreadMachine.fandom.com/wiki/,Bartlow's Dread Machine
920,https://TheaTheAwakening.fandom.com/wiki/,Thea: The Awakening
921,https://HAWKEN.fandom.com/wiki/,HAWKEN
922,https://HardWest.fandom.com/wiki/,Hard West
923,https://MassiveChalice.fandom.com/wiki/,Massive Chalice
924,https://Draugen.fandom.com/wiki/,Draugen
925,https://PolyBridge.fandom.com/wiki/,Poly Bridge
926,https://PathfinderKingmaker.fandom.com/wiki/,Pathfinder: Kingmaker
927,https://LastYearTheNightmare.fandom.com/wiki/,Last Year: The Nightmare
928,https://MuseDash.fandom.com/wiki/,Muse Dash
929,https://KinectDisneylandAdventures.fandom.com/wiki/,Kinect: Disneyland Adventures
930,https://Temtem.fandom.com/wiki/,Temtem
931,https://DantesInferno.fandom.com/wiki/,Dante's Inferno
932,https://Haven.fandom.com/wiki/,Haven
933,https://ProjectHighrise.fandom.com/wiki/,Project Highrise
934,https://GardenStory.fandom.com/wiki/,Garden Story
935,https://SludgeLife.fandom.com/wiki/,Sludge Life
936,https://Warp.fandom.com/wiki/,Warp
937,https://AnarchyReigns.fandom.com/wiki/,Anarchy Reigns
938,https://SakuraWars.fandom.com/wiki/,Sakura Wars
939,https://Dandara.fandom.com/wiki/,Dandara
940,https://GigaBash.fandom.com/wiki/,GigaBash
941,https://MeetYourMaker.fandom.com/wiki/,Meet Your Maker
942,https://CrimsonAlliance.fandom.com/wiki/,Crimson Alliance
943,https://RockofAges.fandom.com/wiki/,Rock of Ages
944,https://Sparklite.fandom.com/wiki/,Sparklite
945,https://chickchickBOOM.fandom.com/wiki/,chick chick BOOM
946,https://Anno2205.fandom.com/wiki/,Anno 2205
947,https://Loadout.fandom.com/wiki/,Loadout
948,https://BlockNLoad.fandom.com/wiki/,Block N Load
949,https://Tower57.fandom.com/wiki/,Tower 57
950,https://TheBlackoutClub.fandom.com/wiki/,The Blackout Club
951,https://Gamedec.fandom.com/wiki/,Gamedec
952,https://TheInvincible.fandom.com/wiki/,The Invincible
953,https://BoyfriendDungeon.fandom.com/wiki/,Boyfriend Dungeon
954,https://PurrfectDate.fandom.com/wiki/,Purrfect Date
955,https://Mothergunship.fandom.com/wiki/,Mothergunship
956,https://Matterfall.fandom.com/wiki/,Matterfall
957,https://Cloudbuilt.fandom.com/wiki/,Cloudbuilt
958,https://BigPharma.fandom.com/wiki/,Big Pharma
959,https://LetItDie.fandom.com/wiki/,Let It Die
960,https://GuildofDungeoneering.fandom.com/wiki/,Guild of Dungeoneering
961,https://TheIncredibleAdventuresofVanHelsing.fandom.com/wiki/,The Incredible Adventures of Van Helsing
962,https://Primordia.fandom.com/wiki/,Primordia
963,https://GYLT.fandom.com/wiki/,GYLT
964,https://Ixion.fandom.com/wiki/,Ixion
965,https://BeforeWeLeave.fandom.com/wiki/,Before We Leave
966,https://Embr.fandom.com/wiki/,Embr
967,https://BearandBreakfast.fandom.com/wiki/,Bear and Breakfast
968,https://BlackTheFall.fandom.com/wiki/,Black The Fall
969,https://Valley.fandom.com/wiki/,Valley
970,https://Gateways.fandom.com/wiki/,Gateways
971,https://HeavyBullets.fandom.com/wiki/,Heavy Bullets
972,https://Unepic.fandom.com/wiki/,Unepic
973,https://SIMULACRA.fandom.com/wiki/,SIMULACRA
974,https://RocketKnight.fandom.com/wiki/,Rocket Knight
975,https://FORCED.fandom.com/wiki/,FORCED
976,https://Homesick.fandom.com/wiki/,Homesick
977,https://DarkDevotion.fandom.com/wiki/,Dark Devotion
978,https://FallofPorcupine.fandom.com/wiki/,Fall of Porcupine
979,https://Steelrising.fandom.com/wiki/,Steelrising
980,https://RogueLords.fandom.com/wiki/,Rogue Lords
981,https://Steelrising.fandom.com/wiki/,Steelrising
982,https://ConanChopChop.fandom.com/wiki/,Conan Chop Chop
983,https://TheTexasChainSawMassacre.fandom.com/wiki/,The Texas Chain Saw Massacre
984,https://WizardwithaGun.fandom.com/wiki/,Wizard with a Gun
985,https://Shu.fandom.com/wiki/,Shu
986,https://GreedFall.fandom.com/wiki/,GreedFall
987,https://LightFall.fandom.com/wiki/,Light Fall
988,https://DeathsGambit.fandom.com/wiki/,Death's Gambit
989,https://Wattam.fandom.com/wiki/,Wattam
990,https://UntilDawn.fandom.com/wiki/,Until Dawn
991,https://Battletoads.fandom.com/wiki/,Battletoads
992,https://PhantomAbyss.fandom.com/wiki/,Phantom Abyss
993,https://PumpkinJack.fandom.com/wiki/,Pumpkin Jack
994,https://MinecraftLegends.fandom.com/wiki/,Minecraft Legends
995,https://LordsofXulima.fandom.com/wiki/,Lords of Xulima
996,https://Somerville.fandom.com/wiki/,Somerville
997,https://ASTRONEER.fandom.com/wiki/,ASTRONEER
998,https://Steep.fandom.com/wiki/,Steep
999,https://JobSimulator.fandom.com/wiki/,Job Simulator
1000,https://Dyscourse.fandom.com/wiki/,Dyscourse
1001,https://Shank.fandom.com/wiki/,Shank
1002,https://Mutropolis.fandom.com/wiki/,Mutropolis
1003,https://TomodachiLife.fandom.com/wiki/,Tomodachi Life
1004,https://DeadIsland.fandom.com/wiki/,Dead Island
1005,https://DaysGone.fandom.com/wiki/,Days Gone
1006,https://Kona.fandom.com/wiki/,Kona
1007,https://WrathAeonofRuin.fandom.com/wiki/,Wrath: Aeon of Ruin
1008,https://RetroCityRampage.fandom.com/wiki/,Retro City Rampage
1009,https://SANDLAND.fandom.com/wiki/,SAND LAND
1010,https://CozyGrove.fandom.com/wiki/,Cozy Grove
1011,https://Toukiden.fandom.com/wiki/,Toukiden
1012,https://FairyTail.fandom.com/wiki/,Fairy Tail
1013,https://TheElderScrollsOnline.fandom.com/wiki/,The Elder Scrolls Online
1014,https://KingdomsandCastles.fandom.com/wiki/,Kingdoms and Castles
1015,https://Aragami.fandom.com/wiki/,Aragami
1016,https://CorpseParty.fandom.com/wiki/,Corpse Party
1017,https://TrektoYomi.fandom.com/wiki/,Trek to Yomi
1018,https://Exception.fandom.com/wiki/,Exception
1019,https://GetEven.fandom.com/wiki/,Get Even
1020,https://Transference.fandom.com/wiki/,Transference
1021,https://MorbidTheSevenAcolytes.fandom.com/wiki/,Morbid: The Seven Acolytes
1022,https://GuardiansofMiddleEarth.fandom.com/wiki/,Guardians of Middle-Earth
1023,https://BlueFire.fandom.com/wiki/,Blue Fire
1024,https://PortalKnights.fandom.com/wiki/,Portal Knights
1025,https://Pinstripe.fandom.com/wiki/,Pinstripe
1026,https://Breathedge.fandom.com/wiki/,Breathedge
1027,https://TheMedium.fandom.com/wiki/,The Medium
1028,https://ActofAggression.fandom.com/wiki/,Act of Aggression
1029,https://LegendsofEisenwald.fandom.com/wiki/,Legends of Eisenwald
1030,https://TheSojourn.fandom.com/wiki/,The Sojourn
1031,https://NoHeroesAllowed.fandom.com/wiki/,No Heroes Allowed!
1032,https://NarakaBladepoint.fandom.com/wiki/,Naraka: Bladepoint
1033,https://ToEndAllWars.fandom.com/wiki/,To End All Wars
1034,https://CultistSimulator.fandom.com/wiki/,Cultist Simulator
1035,https://SublevelZero.fandom.com/wiki/,Sublevel Zero
1036,https://NotTonight.fandom.com/wiki/,Not Tonight
1037,https://BattleWorldsKronos.fandom.com/wiki/,Battle Worlds: Kronos
1038,https://GodsEaterBurst.fandom.com/wiki/,Gods Eater Burst
1039,https://MassEffectAndromeda.fandom.com/wiki/,Mass Effect: Andromeda
1040,https://TransportFever.fandom.com/wiki/,Transport Fever
1041,https://KnightSquad.fandom.com/wiki/,Knight Squad
1042,https://NoMansSky.fandom.com/wiki/,No Man's Sky
1043,https://BeatCop.fandom.com/wiki/,Beat Cop
1044,https://Squishies.fandom.com/wiki/,Squishies
1045,https://AsurasWrath.fandom.com/wiki/,Asura's Wrath
1046,https://Miitopia.fandom.com/wiki/,Miitopia
1047,https://OnceHuman.fandom.com/wiki/,Once Human
1048,https://DARQ.fandom.com/wiki/,DARQ
1049,https://Sheltered.fandom.com/wiki/,Sheltered
1050,https://DiceLegacy.fandom.com/wiki/,Dice Legacy
1051,https://DeadState.fandom.com/wiki/,Dead State
1052,https://ARKSurvivalEvolved.fandom.com/wiki/,ARK: Survival Evolved
1053,https://AgeofEmpiresOnline.fandom.com/wiki/,Age of Empires Online
1054,https://CrossingSouls.fandom.com/wiki/,Crossing Souls
1055,https://LostEmber.fandom.com/wiki/,Lost Ember
1056,https://Slipstream.fandom.com/wiki/,Slipstream
1057,https://NomNomGalaxy.fandom.com/wiki/,Nom Nom Galaxy
1058,https://GlobalAgenda.fandom.com/wiki/,Global Agenda
1059,https://DemonGaze.fandom.com/wiki/,Demon Gaze
1060,https://DeepSkyDerelicts.fandom.com/wiki/,Deep Sky Derelicts
1061,https://EarthNight.fandom.com/wiki/,EarthNight
1062,https://StarDrive2.fandom.com/wiki/,StarDrive 2
1063,https://Maneater.fandom.com/wiki/,Maneater
1064,https://QuantumLeague.fandom.com/wiki/,Quantum League
1065,https://CodeVein.fandom.com/wiki/,Code Vein
1066,https://Tokyo42.fandom.com/wiki/,Tokyo 42
1067,https://ATOMRPG.fandom.com/wiki/,ATOM RPG
1068,https://Sorcery.fandom.com/wiki/,Sorcery
1069,https://DisneyDreamlightValley.fandom.com/wiki/,Disney Dreamlight Valley
1070,https://HumanFallFlat.fandom.com/wiki/,Human: Fall Flat
1071,https://MinecraftDungeons.fandom.com/wiki/,Minecraft Dungeons
1072,https://Teslagrad2.fandom.com/wiki/,Teslagrad 2
1073,https://Fe.fandom.com/wiki/,Fe
1074,https://LEGOJurassicWorld.fandom.com/wiki/,LEGO Jurassic World
1075,https://Elderand.fandom.com/wiki/,Elderand
1076,https://RONIN.fandom.com/wiki/,RONIN
1077,https://NoStraightRoads.fandom.com/wiki/,No Straight Roads
1078,https://ImmortalRedneck.fandom.com/wiki/,Immortal Redneck
1079,https://Reveil.fandom.com/wiki/,Reveil
1080,https://LollipopChainsaw.fandom.com/wiki/,Lollipop Chainsaw
1081,https://Scorn.fandom.com/wiki/,Scorn
1082,https://TheSwindle.fandom.com/wiki/,The Swindle
1083,https://NewWorld.fandom.com/wiki/,New World
1084,https://LuminoCity.fandom.com/wiki/,Lumino City
1085,https://RoadRedemption.fandom.com/wiki/,Road Redemption
1086,https://Mosaic.fandom.com/wiki/,Mosaic
1087,https://PokemonUNITE.fandom.com/wiki/,Pokemon UNITE
1088,https://MotherRussiaBleeds.fandom.com/wiki/,Mother Russia Bleeds
1089,https://RememberMe.fandom.com/wiki/,Remember Me
1090,https://BeyondTwoSouls.fandom.com/wiki/,Beyond: Two Souls
1091,https://MercenaryKings.fandom.com/wiki/,Mercenary Kings
1092,https://DestroyAllHumans.fandom.com/wiki/,Destroy All Humans!
1093,https://Highwater.fandom.com/wiki/,Highwater
1094,https://AtomicHeart.fandom.com/wiki/,Atomic Heart
1095,https://TheLastWorker.fandom.com/wiki/,The Last Worker
1096,https://Storyteller.fandom.com/wiki/,Storyteller
1097,https://Vampyr.fandom.com/wiki/,Vampyr
1098,https://Below.fandom.com/wiki/,Below
1099,https://Homefront.fandom.com/wiki/,Homefront
1100,https://Taur.fandom.com/wiki/,Taur
1101,https://EnotriaTheLastSong.fandom.com/wiki/,Enotria: The Last Song
1102,https://Lake.fandom.com/wiki/,Lake
1103,https://ProjectXZone.fandom.com/wiki/,Project X Zone
1104,https://TheSims4.fandom.com/wiki/,The Sims 4
1105,https://RICO.fandom.com/wiki/,RICO
1106,https://FateoftheWorld.fandom.com/wiki/,Fate of the World
1107,https://BeatCity.fandom.com/wiki/,Beat City
1108,https://SpongeBobSquarePantsTheCosmicShake.fandom.com/wiki/,SpongeBob SquarePants: The Cosmic Shake
1109,https://LegoUniverse.fandom.com/wiki/,Lego Universe
1110,https://Foregone.fandom.com/wiki/,Foregone
1111,https://TokyoDark.fandom.com/wiki/,Tokyo Dark
1112,https://Planetbase.fandom.com/wiki/,Planetbase
1113,https://CodeNameSTEAM.fandom.com/wiki/,Code Name: S.T.E.A.M.
1114,https://ImmortalsofAveum.fandom.com/wiki/,Immortals of Aveum
1115,https://Halfway.fandom.com/wiki/,Halfway
1116,https://BlairWitch.fandom.com/wiki/,Blair Witch
1117,https://Affogato.fandom.com/wiki/,Affogato
1118,https://PureFarming2018.fandom.com/wiki/,Pure Farming 2018
1119,https://Archangel.fandom.com/wiki/,Archangel
1120,https://Invizimals.fandom.com/wiki/,Invizimals
1121,https://WestofDead.fandom.com/wiki/,West of Dead
1122,https://HereBeDragons.fandom.com/wiki/,Here Be Dragons
1123,https://AshesoftheSingularity.fandom.com/wiki/,Ashes of the Singularity
1124,https://GraveyardKeeper.fandom.com/wiki/,Graveyard Keeper
1125,https://TheCallistoProtocol.fandom.com/wiki/,The Callisto Protocol
1126,https://MirrorsEdgeCatalyst.fandom.com/wiki/,Mirror's Edge Catalyst
1127,https://GloryofHeracles.fandom.com/wiki/,Glory of Heracles
1128,https://JurassicWorldEvolution.fandom.com/wiki/,Jurassic World Evolution
1129,https://QUBE.fandom.com/wiki/,Q.U.B.E.
1130,https://TheSignalFromTolva.fandom.com/wiki/,The Signal From Tolva
1131,https://Minimum.fandom.com/wiki/,Minimum
1132,https://WutheringWaves.fandom.com/wiki/,Wuthering Waves
1133,https://OperationFlashpointRedRiver.fandom.com/wiki/,Operation Flashpoint: Red River
1134,https://WarhammerChaosbane.fandom.com/wiki/,Warhammer: Chaosbane
1135,https://Cobalt.fandom.com/wiki/,Cobalt
1136,https://Oninaki.fandom.com/wiki/,Oninaki
1137,https://SeaofThieves.fandom.com/wiki/,Sea of Thieves
1138,https://Okhlos.fandom.com/wiki/,Okhlos
1139,https://Thymesia.fandom.com/wiki/,Thymesia
1140,https://Rust.fandom.com/wiki/,Rust
1141,https://Aftercharge.fandom.com/wiki/,Aftercharge
1142,https://MadMax.fandom.com/wiki/,Mad Max
1143,https://ForsakenWorld.fandom.com/wiki/,Forsaken World
1144,https://IAmAlive.fandom.com/wiki/,I Am Alive
1145,https://WrestleQuest.fandom.com/wiki/,WrestleQuest
1146,https://Vagante.fandom.com/wiki/,Vagante
1147,https://KitariaFables.fandom.com/wiki/,Kitaria Fables
1148,https://DragonMarkedForDeath.fandom.com/wiki/,Dragon Marked For Death
1149,https://Akane.fandom.com/wiki/,Akane
1150,https://HeroesofRuin.fandom.com/wiki/,Heroes of Ruin
1151,https://DragonBallXenoverse.fandom.com/wiki/,Dragon Ball: Xenoverse
1152,https://MegabytePunch.fandom.com/wiki/,Megabyte Punch
1153,https://TheAmazingSpiderMan.fandom.com/wiki/,The Amazing Spider-Man
1154,https://Shelter.fandom.com/wiki/,Shelter
1155,https://Erica.fandom.com/wiki/,Erica
1156,https://DaemonXMachina.fandom.com/wiki/,Daemon X Machina
1157,https://8BitArmies.fandom.com/wiki/,8-Bit Armies
1158,https://BloodsportsTV.fandom.com/wiki/,Bloodsports.TV
1159,https://SpacebaseStartopia.fandom.com/wiki/,Spacebase Startopia
1160,https://GangBeasts.fandom.com/wiki/,Gang Beasts
1161,https://EmpiresApart.fandom.com/wiki/,Empires Apart
1162,https://Automachef.fandom.com/wiki/,Automachef
1163,https://Blackguards.fandom.com/wiki/,Blackguards
1164,https://NightCall.fandom.com/wiki/,Night Call
1165,https://TinyMetal.fandom.com/wiki/,Tiny Metal
1166,https://Ninjala.fandom.com/wiki/,Ninjala
1167,https://HyperScape.fandom.com/wiki/,Hyper Scape
1168,https://NanotaleTypingChronicles.fandom.com/wiki/,Nanotale - Typing Chronicles
1169,https://Ravenlok.fandom.com/wiki/,Ravenlok
1170,https://ZooTycoon.fandom.com/wiki/,Zoo Tycoon
1171,https://Firmament.fandom.com/wiki/,Firmament
1172,https://ShadO.fandom.com/wiki/,Shad'O
1173,https://FossilFightersChampions.fandom.com/wiki/,Fossil Fighters: Champions
1174,https://Battleborn.fandom.com/wiki/,Battleborn
1175,https://CartelTycoon.fandom.com/wiki/,Cartel Tycoon
1176,https://60Parsecs.fandom.com/wiki/,60 Parsecs!
1177,https://Brink.fandom.com/wiki/,Brink
1178,https://Runers.fandom.com/wiki/,Runers
1179,https://HexyzForce.fandom.com/wiki/,Hexyz Force
1180,https://Eternights.fandom.com/wiki/,Eternights
1181,https://InfiniteCrisis.fandom.com/wiki/,Infinite Crisis
1182,https://DeadlyPremonition.fandom.com/wiki/,Deadly Premonition
1183,https://GORN.fandom.com/wiki/,GORN
1184,https://WiiParty.fandom.com/wiki/,Wii Party
1185,https://AdInfinitum.fandom.com/wiki/,Ad Infinitum
1186,https://NeverendingNightmares.fandom.com/wiki/,Neverending Nightmares
1187,https://Millennia.fandom.com/wiki/,Millennia
1188,https://Effie.fandom.com/wiki/,Effie
1189,https://GolfWithYourFriends.fandom.com/wiki/,Golf With Your Friends
1190,https://911Operator.fandom.com/wiki/,911 Operator
1191,https://Soulstice.fandom.com/wiki/,Soulstice
1192,https://TheLongJourneyHome.fandom.com/wiki/,The Long Journey Home
1193,https://GameDevTycoon.fandom.com/wiki/,Game Dev Tycoon
1194,https://NeedforSpeedTheRun.fandom.com/wiki/,Need for Speed: The Run
1195,https://TwinBee.fandom.com/wiki/,TwinBee
1196,https://MechWarriorOnline.fandom.com/wiki/,MechWarrior Online
1197,https://Songbringer.fandom.com/wiki/,Songbringer
1198,https://ConanExiles.fandom.com/wiki/,Conan Exiles
1199,https://DarkEnvoy.fandom.com/wiki/,Dark Envoy
1200,https://Legasista.fandom.com/wiki/,Legasista
1201,https://PortRoyale4.fandom.com/wiki/,Port Royale 4
1202,https://Exoprimal.fandom.com/wiki/,Exoprimal
1203,https://ShootManyRobots.fandom.com/wiki/,Shoot Many Robots
1204,https://TheFancyPantsAdventures.fandom.com/wiki/,The Fancy Pants Adventures
1205,https://TheLegendofLegacy.fandom.com/wiki/,The Legend of Legacy
1206,https://FORCEDSHOWDOWN.fandom.com/wiki/,FORCED SHOWDOWN
1207,https://Crystar.fandom.com/wiki/,Crystar
1208,https://HowtoSurvive2.fandom.com/wiki/,How to Survive 2
1209,https://RiseoftheTriad.fandom.com/wiki/,Rise of the Triad
1210,https://NIER.fandom.com/wiki/,NIER
1211,https://SayNoMore.fandom.com/wiki/,Say No! More
1212,https://GothamKnights.fandom.com/wiki/,Gotham Knights
1213,https://NightsofAzure.fandom.com/wiki/,Nights of Azure
1214,https://SpinTires.fandom.com/wiki/,SpinTires
1215,https://Nerve.fandom.com/wiki/,Nerve
1216,https://Outward.fandom.com/wiki/,Outward
1217,https://INDUSTRIA.fandom.com/wiki/,INDUSTRIA
1218,https://MarvelsAvengers.fandom.com/wiki/,Marvel's Avengers
1219,https://Soundfall.fandom.com/wiki/,Soundfall
1220,https://PrimalCarnage.fandom.com/wiki/,Primal Carnage
1221,https://Dustborn.fandom.com/wiki/,Dustborn
1222,https://Elex.fandom.com/wiki/,Elex
1223,https://BusSimulator18.fandom.com/wiki/,Bus Simulator 18
1224,https://CityofGangsters.fandom.com/wiki/,City of Gangsters
1225,https://Thief.fandom.com/wiki/,Thief
1226,https://CodeofPrincess.fandom.com/wiki/,Code of Princess
1227,https://UnchartedFightforFortune.fandom.com/wiki/,Uncharted: Fight for Fortune
1228,https://DCUniverseOnline.fandom.com/wiki/,DC Universe Online
1229,https://HelpWillComeTomorrow.fandom.com/wiki/,Help Will Come Tomorrow
1230,https://HighonLife.fandom.com/wiki/,High on Life
1231,https://WorldWarZ.fandom.com/wiki/,World War Z
1232,https://Dungeonland.fandom.com/wiki/,Dungeonland
1233,https://Icarus.fandom.com/wiki/,Icarus
1234,https://Icarus.fandom.com/wiki/,Icarus
1235,https://Infernium.fandom.com/wiki/,Infernium
1236,https://TheWay.fandom.com/wiki/,The Way
1237,https://XDefiant.fandom.com/wiki/,XDefiant
1238,https://Frozenheim.fandom.com/wiki/,Frozenheim
1239,https://RogueWizards.fandom.com/wiki/,Rogue Wizards
1240,https://RiseofIncarnates.fandom.com/wiki/,Rise of Incarnates
1241,https://UltraAge.fandom.com/wiki/,Ultra Age
1242,https://DungeonSouls.fandom.com/wiki/,Dungeon Souls
1243,https://ChinatownDetectiveAgency.fandom.com/wiki/,Chinatown Detective Agency
1244,https://NineParchments.fandom.com/wiki/,Nine Parchments
1245,https://LEGOWorlds.fandom.com/wiki/,LEGO Worlds
1246,https://CastawayParadise.fandom.com/wiki/,Castaway Paradise
1247,https://Shredders.fandom.com/wiki/,Shredders
1248,https://CrysisRemastered.fandom.com/wiki/,Crysis Remastered
1249,https://Toki.fandom.com/wiki/,Toki
1250,https://Biomutant.fandom.com/wiki/,Biomutant
1251,https://BlueReflection.fandom.com/wiki/,Blue Reflection
1252,https://Damsel.fandom.com/wiki/,Damsel
1253,https://ParadiseLost.fandom.com/wiki/,Paradise Lost
1254,https://HiddenAgenda.fandom.com/wiki/,Hidden Agenda
1255,https://ClosetotheSun.fandom.com/wiki/,Close to the Sun
1256,https://StateofDecay2.fandom.com/wiki/,State of Decay 2
1257,https://Diluvion.fandom.com/wiki/,Diluvion
1258,https://StarTrekOnline.fandom.com/wiki/,Star Trek Online
1259,https://Battlezone.fandom.com/wiki/,Battlezone
1260,https://Truberbrook.fandom.com/wiki/,Truberbrook
1261,https://Monark.fandom.com/wiki/,Monark
1262,https://FullMojoRampage.fandom.com/wiki/,Full Mojo Rampage
1263,https://TinHearts.fandom.com/wiki/,Tin Hearts
1264,https://LuckysTale.fandom.com/wiki/,Lucky's Tale
1265,https://NeedforSpeed.fandom.com/wiki/,Need for Speed
1266,https://SandsofSalzaar.fandom.com/wiki/,Sands of Salzaar
1267,https://BleedingEdge.fandom.com/wiki/,Bleeding Edge
1268,https://DisneyUniverse.fandom.com/wiki/,Disney Universe
1269,https://ButtonCity.fandom.com/wiki/,Button City
1270,https://DestinyofSpirits.fandom.com/wiki/,Destiny of Spirits
1271,https://StrikeSuitZero.fandom.com/wiki/,Strike Suit Zero
1272,https://FOXnFORESTS.fandom.com/wiki/,FOX n FORESTS
1273,https://AerialKnightsNeverYield.fandom.com/wiki/,Aerial_Knight's Never Yield
1274,https://TheRedLantern.fandom.com/wiki/,The Red Lantern
1275,https://TorchlightIII.fandom.com/wiki/,Torchlight III
1276,https://Dungeons.fandom.com/wiki/,Dungeons
1277,https://DillonsRollingWestern.fandom.com/wiki/,Dillon's Rolling Western
1278,https://Transient.fandom.com/wiki/,Transient
1279,https://DarkEclipse.fandom.com/wiki/,Dark Eclipse
1280,https://Graven.fandom.com/wiki/,Graven
1281,https://Deathbound.fandom.com/wiki/,Deathbound
1282,https://Divekick.fandom.com/wiki/,Divekick
1283,https://GenesisAlphaOne.fandom.com/wiki/,Genesis Alpha One
1284,https://TheFalconeer.fandom.com/wiki/,The Falconeer
1285,https://AvenColony.fandom.com/wiki/,Aven Colony
1286,https://Antigraviator.fandom.com/wiki/,Antigraviator
1287,https://StrandedDeep.fandom.com/wiki/,Stranded Deep
1288,https://Depth.fandom.com/wiki/,Depth
1289,https://BattlePrincessMadelyn.fandom.com/wiki/,Battle Princess Madelyn
1290,https://MachiaVillain.fandom.com/wiki/,MachiaVillain
1291,https://TowerofFantasy.fandom.com/wiki/,Tower of Fantasy
1292,https://KaotheKangaroo.fandom.com/wiki/,Kao the Kangaroo
1293,https://WayoftheHunter.fandom.com/wiki/,Way of the Hunter
1294,https://Morphite.fandom.com/wiki/,Morphite
1295,https://WarfortheOverworld.fandom.com/wiki/,War for the Overworld
1296,https://GoVacation.fandom.com/wiki/,Go Vacation
1297,https://DuskDiver.fandom.com/wiki/,Dusk Diver
1298,https://Defiance.fandom.com/wiki/,Defiance
1299,https://Ravaged.fandom.com/wiki/,Ravaged
1300,https://PokemonQuest.fandom.com/wiki/,Pokemon Quest
1301,https://VESTA.fandom.com/wiki/,VESTA
1302,https://AliensvsPredator.fandom.com/wiki/,Aliens vs. Predator
1303,https://SecretPonchos.fandom.com/wiki/,Secret Ponchos
1304,https://AtlasFallen.fandom.com/wiki/,Atlas Fallen
1305,https://Romancelvania.fandom.com/wiki/,Romancelvania
1306,https://Windbound.fandom.com/wiki/,Windbound
1307,https://Adore.fandom.com/wiki/,Adore
1308,https://Crimsonland.fandom.com/wiki/,Crimsonland
1309,https://Nexuiz.fandom.com/wiki/,Nexuiz
1310,https://Chronology.fandom.com/wiki/,Chronology
1311,https://BitetheBullet.fandom.com/wiki/,Bite the Bullet
1312,https://ScarsAbove.fandom.com/wiki/,Scars Above
1313,https://MaidofSker.fandom.com/wiki/,Maid of Sker
1314,https://DeadbyDaylight.fandom.com/wiki/,Dead by Daylight
1315,https://AncestorsTheHumankindOdyssey.fandom.com/wiki/,Ancestors: The Humankind Odyssey
1316,https://GunsofIcarusOnline.fandom.com/wiki/,Guns of Icarus Online
1317,https://Hammerting.fandom.com/wiki/,Hammerting
1318,https://PaganOnline.fandom.com/wiki/,Pagan Online
1319,https://Corruption2029.fandom.com/wiki/,Corruption 2029
1320,https://Pressure.fandom.com/wiki/,Pressure
1321,https://SimCity.fandom.com/wiki/,SimCity
1322,https://OfOrcsandMen.fandom.com/wiki/,Of Orcs and Men
1323,https://Redeemer.fandom.com/wiki/,Redeemer
1324,https://STRAFE.fandom.com/wiki/,STRAFE
1325,https://Warframe.fandom.com/wiki/,Warframe
1326,https://ADR1FT.fandom.com/wiki/,ADR1FT
1327,https://Forspoken.fandom.com/wiki/,Forspoken
1328,https://Hellpoint.fandom.com/wiki/,Hellpoint
1329,https://ArcRiseFantasia.fandom.com/wiki/,Arc Rise Fantasia
1330,https://Warlander.fandom.com/wiki/,Warlander
1331,https://NeonChrome.fandom.com/wiki/,Neon Chrome
1332,https://DirtyBomb.fandom.com/wiki/,Dirty Bomb
1333,https://InnerSpace.fandom.com/wiki/,InnerSpace
1334,https://AlphaProtocol.fandom.com/wiki/,Alpha Protocol
1335,https://CitadelForgedwithFire.fandom.com/wiki/,Citadel: Forged with Fire
1336,https://SandsofDestruction.fandom.com/wiki/,Sands of Destruction
1337,https://BleakFaithForsaken.fandom.com/wiki/,Bleak Faith: Forsaken
1338,https://PanzerDragoon.fandom.com/wiki/,Panzer Dragoon
1339,https://NoPlaceLikeHome.fandom.com/wiki/,No Place Like Home
1340,https://ReCore.fandom.com/wiki/,ReCore
1341,https://TheSuicideofRachelFoster.fandom.com/wiki/,The Suicide of Rachel Foster
1342,https://MoonglowBay.fandom.com/wiki/,Moonglow Bay
1343,https://MurderousPursuits.fandom.com/wiki/,Murderous Pursuits
1344,https://FelixtheCat.fandom.com/wiki/,Felix the Cat
1345,https://GrandAgesMedieval.fandom.com/wiki/,Grand Ages: Medieval
1346,https://TheOrder1886.fandom.com/wiki/,The Order: 1886
1347,https://AloneintheDark.fandom.com/wiki/,Alone in the Dark
1348,https://WheelsofAurelia.fandom.com/wiki/,Wheels of Aurelia
1349,https://YIIKAPostmodernRPG.fandom.com/wiki/,YIIK: A Postmodern RPG
1350,https://EmpireofSin.fandom.com/wiki/,Empire of Sin
1351,https://TheOccupation.fandom.com/wiki/,The Occupation
1352,https://TheOccupation.fandom.com/wiki/,The Occupation
1353,https://DragonQuest.fandom.com/wiki/,Dragon Quest
1354,https://MatoAnomalies.fandom.com/wiki/,Mato Anomalies
1355,https://Cossacks3.fandom.com/wiki/,Cossacks 3
1356,https://Townscaper.fandom.com/wiki/,Townscaper
1357,https://QuestforInfamy.fandom.com/wiki/,Quest for Infamy
1358,https://ImpactWinter.fandom.com/wiki/,Impact Winter
1359,https://GodsWillFall.fandom.com/wiki/,Gods Will Fall
1360,https://GoatSimulator.fandom.com/wiki/,Goat Simulator
1361,https://TakeOnMars.fandom.com/wiki/,Take On Mars
1362,https://Warface.fandom.com/wiki/,Warface
1363,https://FashionDreamer.fandom.com/wiki/,Fashion Dreamer
1364,https://SuperBombermanR.fandom.com/wiki/,Super Bomberman R
1365,https://Warsaw.fandom.com/wiki/,Warsaw
1366,https://RiseofIndustry.fandom.com/wiki/,Rise of Industry
1367,https://DestructionAllStars.fandom.com/wiki/,Destruction AllStars
1368,https://DangerousDriving.fandom.com/wiki/,Dangerous Driving
1369,https://Disintegration.fandom.com/wiki/,Disintegration
1370,https://Dex.fandom.com/wiki/,Dex
1371,https://Concord.fandom.com/wiki/,Concord
1372,https://PlanetaryAnnihilation.fandom.com/wiki/,Planetary Annihilation
1373,https://ConanUnconquered.fandom.com/wiki/,Conan Unconquered
1374,https://HokkoLife.fandom.com/wiki/,Hokko Life
1375,https://HokkoLife.fandom.com/wiki/,Hokko Life
1376,https://NEOVERSE.fandom.com/wiki/,NEOVERSE
1377,https://GiraffeandAnnika.fandom.com/wiki/,Giraffe and Annika
1378,https://Etherium.fandom.com/wiki/,Etherium
1379,https://UrbanEmpire.fandom.com/wiki/,Urban Empire
1380,https://MoonHunters.fandom.com/wiki/,Moon Hunters
1381,https://Splatterhouse.fandom.com/wiki/,Splatterhouse
1382,https://WorldsEndClub.fandom.com/wiki/,World's End Club
1383,https://Deadpool.fandom.com/wiki/,Deadpool
1384,https://Vigor.fandom.com/wiki/,Vigor
1385,https://SaintsRow.fandom.com/wiki/,Saints Row
1386,https://Fridaythe13thTheGame.fandom.com/wiki/,Friday the 13th: The Game
1387,https://Hellbound.fandom.com/wiki/,Hellbound
1388,https://Godfall.fandom.com/wiki/,Godfall
1389,https://Staxel.fandom.com/wiki/,Staxel
1390,https://TheCrew.fandom.com/wiki/,The Crew
1391,https://EYEDivineCybermancy.fandom.com/wiki/,E.Y.E: Divine Cybermancy
1392,https://BrokenRoads.fandom.com/wiki/,Broken Roads
1393,https://MonkeyKingHeroisBack.fandom.com/wiki/,Monkey King: Hero is Back
1394,https://TheDwarves.fandom.com/wiki/,The Dwarves
1395,https://Create.fandom.com/wiki/,Create
1396,https://Deiland.fandom.com/wiki/,Deiland
1397,https://Venetica.fandom.com/wiki/,Venetica
1398,https://Evoland.fandom.com/wiki/,Evoland
1399,https://CatanUniverse.fandom.com/wiki/,Catan Universe
1400,https://HappyWars.fandom.com/wiki/,Happy Wars
1401,https://Risen.fandom.com/wiki/,Risen
1402,https://DOLMEN.fandom.com/wiki/,DOLMEN
1403,https://FightCrab.fandom.com/wiki/,Fight Crab
1404,https://CaptainAmericaSuperSoldier.fandom.com/wiki/,Captain America: Super Soldier
1405,https://TheComplex.fandom.com/wiki/,The Complex
1406,https://RyseSonofRome.fandom.com/wiki/,Ryse: Son of Rome
1407,https://Conglomerate451.fandom.com/wiki/,Conglomerate 451
1408,https://AGameofDwarves.fandom.com/wiki/,A Game of Dwarves
1409,https://EdgeOfEternity.fandom.com/wiki/,Edge Of Eternity
1410,https://Firefall.fandom.com/wiki/,Firefall
1411,https://Rio.fandom.com/wiki/,Rio
1412,https://Brawlout.fandom.com/wiki/,Brawlout
1413,https://Riverbond.fandom.com/wiki/,Riverbond
1414,https://HowtoSurvive.fandom.com/wiki/,How to Survive
1415,https://WolcenLordsofMayhem.fandom.com/wiki/,Wolcen: Lords of Mayhem
1416,https://TheTechnomancer.fandom.com/wiki/,The Technomancer
1417,https://SuicideSquadKillTheJusticeLeague.fandom.com/wiki/,Suicide Squad: Kill The Justice League
1418,https://KandagawaJetGirls.fandom.com/wiki/,Kandagawa Jet Girls
1419,https://StrayBlade.fandom.com/wiki/,Stray Blade
1420,https://FinalExam.fandom.com/wiki/,Final Exam
1421,https://Deformers.fandom.com/wiki/,De-formers
1422,https://Liberated.fandom.com/wiki/,Liberated
1423,https://SkullandBones.fandom.com/wiki/,Skull and Bones
1424,https://DarkVoid.fandom.com/wiki/,Dark Void
1425,https://CrossoftheDutchman.fandom.com/wiki/,Cross of the Dutchman
1426,https://Rustler.fandom.com/wiki/,Rustler
1427,https://Hydrophobia.fandom.com/wiki/,Hydrophobia
1428,https://DUST514.fandom.com/wiki/,DUST 514
1429,https://TARTARUS.fandom.com/wiki/,TARTARUS
1430,https://THESHORE.fandom.com/wiki/,THE SHORE
1431,https://Necropolis.fandom.com/wiki/,Necropolis
1432,https://DrugDealerSimulator.fandom.com/wiki/,Drug Dealer Simulator
1433,https://Skellboy.fandom.com/wiki/,Skellboy
1434,https://Godstrike.fandom.com/wiki/,Godstrike
1435,https://Abyss.fandom.com/wiki/,Abyss
1436,https://AeternoBlade.fandom.com/wiki/,AeternoBlade
1437,https://Lucius.fandom.com/wiki/,Lucius
1438,https://Blightbound.fandom.com/wiki/,Blightbound
1439,https://CrossroadsInn.fandom.com/wiki/,Crossroads Inn
1440,https://Gord.fandom.com/wiki/,Gord
1441,https://Anthem.fandom.com/wiki/,Anthem
1442,https://TransformersDarkoftheMoon.fandom.com/wiki/,Transformers: Dark of the Moon
1443,https://SteelDiver.fandom.com/wiki/,Steel Diver
1444,https://TheCastleDoctrine.fandom.com/wiki/,The Castle Doctrine
1445,https://GodMode.fandom.com/wiki/,God Mode
1446,https://BeeSimulator.fandom.com/wiki/,Bee Simulator
1447,https://APB.fandom.com/wiki/,APB
1448,https://Kyn.fandom.com/wiki/,Kyn
1449,https://SecretsofRaetikon.fandom.com/wiki/,Secrets of Raetikon
1450,https://DreadNautical.fandom.com/wiki/,Dread Nautical
1451,https://ClockworkEmpires.fandom.com/wiki/,Clockwork Empires
1452,https://PokemonRumbleWorld.fandom.com/wiki/,Pokemon Rumble World
1453,https://TheChurchintheDarkness.fandom.com/wiki/,The Church in the Darkness
1454,https://BridgeConstructor.fandom.com/wiki/,Bridge Constructor
1455,https://DesertChild.fandom.com/wiki/,Desert Child
1456,https://MarvelHeroes.fandom.com/wiki/,Marvel Heroes
1457,https://DarkRoseValkyrie.fandom.com/wiki/,Dark Rose Valkyrie
1458,https://TimeMachineVR.fandom.com/wiki/,Time Machine VR
1459,https://CartoonNetworkPunchTimeExplosion.fandom.com/wiki/,Cartoon Network: Punch Time Explosion
1460,https://OmegaQuintet.fandom.com/wiki/,Omega Quintet
1461,https://TheLongReach.fandom.com/wiki/,The Long Reach
1462,https://ViciousCircle.fandom.com/wiki/,Vicious Circle
1463,https://TheFirstDescendant.fandom.com/wiki/,The First Descendant
1464,https://Calico.fandom.com/wiki/,Calico
1465,https://VectorThrust.fandom.com/wiki/,Vector Thrust
1466,https://Nether.fandom.com/wiki/,Nether
1467,https://CatlateralDamage.fandom.com/wiki/,Catlateral Damage
1468,https://Earthfall.fandom.com/wiki/,Earthfall
1469,https://Xevious.fandom.com/wiki/,Xevious
1470,https://DeadliestWarriorTheGame.fandom.com/wiki/,Deadliest Warrior: The Game
1471,https://PokemonShuffle.fandom.com/wiki/,Pokemon Shuffle
1472,https://Toren.fandom.com/wiki/,Toren
1473,https://TrainSimWorld.fandom.com/wiki/,Train Sim World
1474,https://Crucible.fandom.com/wiki/,Crucible
1475,https://Submerged.fandom.com/wiki/,Submerged
1476,https://DrawntoDeath.fandom.com/wiki/,Drawn to Death
1477,https://ShatteredSkies.fandom.com/wiki/,Shattered Skies
1478,https://Perception.fandom.com/wiki/,Perception
1479,https://APBReloaded.fandom.com/wiki/,APB: Reloaded
1480,https://BoundbyFlame.fandom.com/wiki/,Bound by Flame
1481,https://Redfall.fandom.com/wiki/,Redfall
1482,https://SkerRitual.fandom.com/wiki/,Sker Ritual
1483,https://Anna.fandom.com/wiki/,Anna
1484,https://CrimsonDragon.fandom.com/wiki/,Crimson Dragon
1485,https://CubeLifeIslandSurvival.fandom.com/wiki/,Cube Life: Island Survival
1486,https://DreadOut.fandom.com/wiki/,DreadOut
1487,https://OrderUp.fandom.com/wiki/,Order Up!!
1488,https://Darkout.fandom.com/wiki/,Darkout
1489,https://Knack.fandom.com/wiki/,Knack
1490,https://TheTomorrowChildren.fandom.com/wiki/,The Tomorrow Children
1491,https://Feather.fandom.com/wiki/,Feather
1492,https://Ravenbound.fandom.com/wiki/,Ravenbound
1493,https://BlindFateEdonoYami.fandom.com/wiki/,Blind Fate: Edo no Yami
1494,https://RiotCivilUnrest.fandom.com/wiki/,Riot: Civil Unrest
1495,https://InSpaceWeBrawl.fandom.com/wiki/,In Space We Brawl
1496,https://TheLegendofKorra.fandom.com/wiki/,The Legend of Korra
1497,https://RiseofNightmares.fandom.com/wiki/,Rise of Nightmares
1498,https://WerewolfTheApocalypseEarthblood.fandom.com/wiki/,Werewolf: The Apocalypse - Earthblood
1499,https://Windforge.fandom.com/wiki/,Windforge
1500,https://BlackCloverQuartetKnights.fandom.com/wiki/,Black Clover: Quartet Knights
1501,https://Inversion.fandom.com/wiki/,Inversion
1502,https://PlayStationMoveHeroes.fandom.com/wiki/,PlayStation Move Heroes
1503,https://Toribash.fandom.com/wiki/,Toribash
1504,https://HasBeenHeroes.fandom.com/wiki/,Has-Been Heroes
1505,https://Hover.fandom.com/wiki/,Hover
1506,https://RabbidsInvasion.fandom.com/wiki/,Rabbids Invasion
1507,https://LordofArcana.fandom.com/wiki/,Lord of Arcana
1508,https://Daymare1998.fandom.com/wiki/,Daymare: 1998
1509,https://SuperDungeonBros.fandom.com/wiki/,Super Dungeon Bros
1510,https://Krater.fandom.com/wiki/,Krater
1511,https://WorldsofMagic.fandom.com/wiki/,Worlds of Magic
1512,https://Unholy.fandom.com/wiki/,Unholy
1513,https://MightyNo9.fandom.com/wiki/,Mighty No. 9
1514,https://GameofThrones.fandom.com/wiki/,Game of Thrones
1515,https://Fallout76.fandom.com/wiki/,Fallout 76
1516,https://NoTimetoExplain.fandom.com/wiki/,No Time to Explain
1517,https://NeverDead.fandom.com/wiki/,NeverDead
1518,https://TheWaylanders.fandom.com/wiki/,The Waylanders
1519,https://BalanWonderworld.fandom.com/wiki/,Balan Wonderworld
1520,https://BalanWonderworld.fandom.com/wiki/,Balan Wonderworld
1521,https://OVERKILLsTheWalkingDead.fandom.com/wiki/,OVERKILL's The Walking Dead
1522,https://Confrontation.fandom.com/wiki/,Confrontation
1523,https://SilverChains.fandom.com/wiki/,Silver Chains
1524,https://Daylight.fandom.com/wiki/,Daylight
1525,https://DisneyPlanes.fandom.com/wiki/,Disney Planes
1526,https://Flashback.fandom.com/wiki/,Flashback
1527,https://Divide.fandom.com/wiki/,Divide
1528,https://LustforDarkness.fandom.com/wiki/,Lust for Darkness
1529,https://TrappedDead.fandom.com/wiki/,Trapped Dead
1530,https://PixelPiracy.fandom.com/wiki/,Pixel Piracy
1531,https://DeadBlock.fandom.com/wiki/,Dead Block
1532,https://Voltron.fandom.com/wiki/,Voltron
1533,https://Vane.fandom.com/wiki/,Vane
1534,https://Calling.fandom.com/wiki/,Calling
1535,https://MorphiesLaw.fandom.com/wiki/,Morphies Law
1536,https://Pine.fandom.com/wiki/,Pine
1537,https://TheDarkEyeBookofHeroes.fandom.com/wiki/,The Dark Eye : Book of Heroes
1538,https://DeepBlack.fandom.com/wiki/,Deep Black
1539,https://DevilsHunt.fandom.com/wiki/,Devil's Hunt
1540,https://DecayofLogos.fandom.com/wiki/,Decay of Logos
1541,https://HoleintheWall.fandom.com/wiki/,Hole in the Wall
1542,https://TacticalIntervention.fandom.com/wiki/,Tactical Intervention
1543,https://HometownStory.fandom.com/wiki/,Hometown Story
1544,https://Agony.fandom.com/wiki/,Agony
1545,https://XMenDestiny.fandom.com/wiki/,X-Men: Destiny
1546,https://CitiesXXL.fandom.com/wiki/,Cities XXL
1547,https://SpectralForceGenesis.fandom.com/wiki/,Spectral Force Genesis
1548,https://StarpointGemini.fandom.com/wiki/,Starpoint Gemini
1549,https://SniperGhostWarrior.fandom.com/wiki/,Sniper: Ghost Warrior
1550,https://HyperdimensionNeptunia.fandom.com/wiki/,Hyperdimension Neptunia
1551,https://WarriorsLegendsofTroy.fandom.com/wiki/,Warriors: Legends of Troy
1552,https://LastRebellion.fandom.com/wiki/,Last Rebellion
1553,https://Husk.fandom.com/wiki/,Husk
1554,https://CortexCommand.fandom.com/wiki/,Cortex Command
1555,https://DevilsThird.fandom.com/wiki/,Devil's Third
1556,https://EverreachProjectEden.fandom.com/wiki/,Everreach: Project Eden
1557,https://Hatred.fandom.com/wiki/,Hatred
1558,https://XEL.fandom.com/wiki/,XEL
1559,https://DeadorAliveXtreme3.fandom.com/wiki/,Dead or Alive Xtreme 3
1560,https://RiseoftheGuardians.fandom.com/wiki/,Rise of the Guardians
1561,https://Ben10Omniverse.fandom.com/wiki/,Ben 10: Omniverse
1562,https://NaughtyBear.fandom.com/wiki/,Naughty Bear
1563,https://Mindjack.fandom.com/wiki/,Mindjack
1564,https://Enki.fandom.com/wiki/,Enki
1565,https://Bloodforge.fandom.com/wiki/,Bloodforge
1566,https://DragonsLair.fandom.com/wiki/,Dragon's Lair
1567,https://BabylonsFall.fandom.com/wiki/,Babylon's Fall
1568,https://Dollhouse.fandom.com/wiki/,Dollhouse
1569,https://FarmingSimulator2013.fandom.com/wiki/,Farming Simulator 2013
1570,https://Tamarin.fandom.com/wiki/,Tamarin
1571,https://RealSteel.fandom.com/wiki/,Real Steel
1572,https://BattleLosAngeles.fandom.com/wiki/,Battle: Los Angeles
1573,https://PacificRim.fandom.com/wiki/,Pacific Rim
1574,https://CrossfireX.fandom.com/wiki/,CrossfireX
1575,https://HelloNeighbor.fandom.com/wiki/,Hello Neighbor
1576,https://Godzilla.fandom.com/wiki/,Godzilla
1577,https://LeftAlive.fandom.com/wiki/,Left Alive
1578,https://UnderworldAscendant.fandom.com/wiki/,Underworld Ascendant
1579,https://LegendsofPegasus.fandom.com/wiki/,Legends of Pegasus
1580,https://EternityTheLastUnicorn.fandom.com/wiki/,Eternity: The Last Unicorn
1581,https://7DaystoDie.fandom.com/wiki/,7 Days to Die
1582,https://NCIS.fandom.com/wiki/,NCIS
1583,https://GirlFight.fandom.com/wiki/,Girl Fight
1584,https://TheLordoftheRingsGollum.fandom.com/wiki/,The Lord of the Rings - Gollum
1585,https://XRebirth.fandom.com/wiki/,X Rebirth
1586,https://Magus.fandom.com/wiki/,Magus
1587,https://Ghostbusters.fandom.com/wiki/,Ghostbusters
1588,https://WildWestOnline.fandom.com/wiki/,Wild West Online
1589,https://TheQuietMan.fandom.com/wiki/,The Quiet Man
